AGENT ID,ORDER TOTAL,DATE TIME
A1137810,159.9,6/3/2019 9:58
A1532975,159.9,6/6/2019 12:54
A1295331,159.9,6/10/2019 16:25
A1115336,79.95,6/4/2019 12:55
A1732412,79.95,6/3/2019 8:17
A1613339,79.95,6/3/2019 9:00
A1230248,79.95,6/3/2019 11:50
A1785670,79.95,6/3/2019 12:40
A1232005,79.95,6/3/2019 13:30
A1311545,79.95,6/4/2019 11:49
A1247651,79.95,6/7/2019 16:05
A1069174,79.95,6/5/2019 9:47
A1727970,79.95,6/5/2019 10:06
A1350840,79.95,6/6/2019 10:16
A1977341,79.95,6/6/2019 12:11
A1593053,79.95,6/6/2019 12:11
A1465516,79.95,6/6/2019 12:12
A1036241,79.95,6/6/2019 12:12
A1780249,79.95,6/6/2019 12:12
A1891668,79.95,6/6/2019 12:12
A1431180,79.95,6/6/2019 12:12
A1133673,79.95,6/6/2019 12:12
A1223683,79.95,6/6/2019 12:12
A1230229,79.95,6/6/2019 12:12
A1694309,79.95,6/6/2019 12:12
A1407688,79.95,6/6/2019 12:12
A1884390,79.95,6/6/2019 12:12
A1416327,79.95,6/6/2019 12:12
A1058750,79.95,6/6/2019 12:12
A1888359,79.95,6/6/2019 12:12
A1313316,79.95,6/6/2019 12:12
A1519268,79.95,6/6/2019 12:12
A1183141,79.95,6/6/2019 12:12
A1009334,79.95,6/6/2019 12:12
A1699381,79.95,6/6/2019 12:12
A1749899,79.95,6/6/2019 12:12
A1633811,79.95,6/6/2019 12:12
A1383235,79.95,6/6/2019 12:13
A1244451,79.95,6/6/2019 12:13
A1320185,79.95,6/6/2019 12:13
A1822866,79.95,6/6/2019 12:13
A1360514,79.95,6/6/2019 12:13
A1731943,79.95,6/6/2019 12:13
A1548589,79.95,6/6/2019 12:13
A1951740,79.95,6/6/2019 12:13
A1503333,79.95,6/6/2019 12:13
A1115180,79.95,6/6/2019 12:13
A1681284,79.95,6/6/2019 12:13
A1029212,79.95,6/6/2019 12:13
A1160790,79.95,6/6/2019 12:13
A1605263,79.95,6/6/2019 12:13
A1343525,79.95,6/6/2019 12:13
A1895999,79.95,6/6/2019 12:13
A1556110,79.95,6/6/2019 12:13
A1286586,79.95,6/6/2019 12:13
A1083900,79.95,6/6/2019 12:13
A1873741,79.95,6/6/2019 12:13
A1457268,79.95,6/6/2019 12:13
A1581952,79.95,6/6/2019 12:14
A1501740,79.95,6/6/2019 12:14
A1986333,79.95,6/6/2019 12:14
A1630427,79.95,6/6/2019 12:14
A1380575,79.95,6/6/2019 12:14
A1077724,79.95,6/6/2019 12:14
A1272748,79.95,6/6/2019 12:14
A1969853,79.95,6/6/2019 12:14
A1272131,79.95,6/6/2019 12:14
A1294470,79.95,6/6/2019 12:14
A1736508,79.95,6/6/2019 12:14
A1414966,79.95,6/6/2019 12:14
A1947040,79.95,6/6/2019 12:14
A1393393,79.95,6/6/2019 12:14
A1095323,79.95,6/6/2019 12:14
A1902369,79.95,6/6/2019 12:14
A1284562,79.95,6/6/2019 12:14
A1762692,79.95,6/6/2019 12:14
A1205613,79.95,6/6/2019 12:14
A1834555,79.95,6/6/2019 12:14
A1464396,79.95,6/6/2019 12:14
A1815509,79.95,6/6/2019 12:14
A1998279,79.95,6/6/2019 12:14
A1851309,79.95,6/6/2019 12:15
A1285557,79.95,6/6/2019 12:15
A1707743,79.95,6/6/2019 12:15
A1928241,79.95,6/6/2019 12:15
A1112113,79.95,6/6/2019 12:15
A1928446,79.95,6/6/2019 12:15
A1342820,79.95,6/6/2019 12:15
A1832474,79.95,6/6/2019 12:15
A1457682,79.95,6/6/2019 12:15
A1686152,79.95,6/6/2019 12:15
A1981677,79.95,6/6/2019 12:15
A1165320,79.95,6/6/2019 12:15
A1789484,79.95,6/6/2019 12:15
A1429480,79.95,6/6/2019 12:15
A1019725,79.95,6/6/2019 12:15
A1889850,79.95,6/6/2019 12:15
A1429015,79.95,6/6/2019 12:15
A1463053,79.95,6/6/2019 12:15
A1818955,79.95,6/6/2019 12:16
A1672092,79.95,6/6/2019 12:16
A1414771,79.95,6/6/2019 12:16
A1295386,79.95,6/6/2019 12:16
A1577729,79.95,6/6/2019 12:16
A1961017,79.95,6/6/2019 12:16
A1860928,79.95,6/6/2019 12:16
A1489800,79.95,6/6/2019 12:16
A1729282,79.95,6/6/2019 12:16
A1177820,79.95,6/6/2019 12:16
A1880028,79.95,6/6/2019 12:16
A1318671,79.95,6/6/2019 12:16
A1429795,79.95,6/6/2019 12:16
A1115703,79.95,6/6/2019 12:16
A1982822,79.95,6/6/2019 12:16
A1918369,79.95,6/6/2019 12:16
A1691349,79.95,6/6/2019 12:16
A1174399,79.95,6/6/2019 12:16
A1462805,79.95,6/6/2019 12:17
A1170678,79.95,6/6/2019 12:17
A1484656,79.95,6/6/2019 12:17
A1645894,79.95,6/6/2019 12:17
A1381400,79.95,6/6/2019 12:17
A1834949,79.95,6/6/2019 12:17
A1047325,79.95,6/6/2019 12:17
A1415304,79.95,6/6/2019 12:17
A1816612,79.95,6/6/2019 12:17
A1310574,79.95,6/6/2019 12:17
A1498072,79.95,6/6/2019 12:17
A1663215,79.95,6/6/2019 12:17
A1317907,79.95,6/6/2019 12:17
A1617854,79.95,6/6/2019 12:17
A1223120,79.95,6/6/2019 12:17
A1695714,79.95,6/6/2019 12:17
A1888621,79.95,6/6/2019 12:17
A1129644,79.95,6/6/2019 12:17
A1463679,79.95,6/6/2019 12:17
A1907432,79.95,6/6/2019 12:17
A1900751,79.95,6/6/2019 12:17
A1215064,79.95,6/6/2019 12:18
A1352804,79.95,6/6/2019 12:18
A1834339,79.95,6/6/2019 12:18
A1626990,79.95,6/6/2019 12:18
A1395112,79.95,6/6/2019 12:18
A1882456,79.95,6/6/2019 12:18
A1749912,79.95,6/6/2019 12:18
A1581107,79.95,6/6/2019 12:18
A1726856,79.95,6/6/2019 12:18
A1418064,79.95,6/6/2019 12:18
A1791156,79.95,6/6/2019 12:18
A1548191,79.95,6/6/2019 12:18
A1328431,79.95,6/6/2019 12:18
A1298982,79.95,6/6/2019 12:18
A1770163,79.95,6/6/2019 12:18
A1133378,79.95,6/6/2019 12:18
A1527060,79.95,6/6/2019 12:18
A1828030,79.95,6/6/2019 12:18
A1756629,79.95,6/6/2019 12:18
A1920221,79.95,6/6/2019 12:18
A1832037,79.95,6/6/2019 12:18
A1125098,79.95,6/6/2019 12:18
A1545830,79.95,6/6/2019 12:18
A1966652,79.95,6/6/2019 12:18
A1724024,79.95,6/6/2019 12:18
A1155574,79.95,6/6/2019 12:18
A1704703,79.95,6/6/2019 12:18
A1741425,79.95,6/6/2019 12:19
A1936871,79.95,6/6/2019 12:19
A1851084,79.95,6/6/2019 12:19
A1757940,79.95,6/6/2019 12:19
A1778173,79.95,6/6/2019 12:19
A1955530,79.95,6/6/2019 12:19
A1490408,79.95,6/6/2019 12:19
A1627251,79.95,6/6/2019 12:19
A1158000,79.95,6/6/2019 12:19
A1303693,79.95,6/6/2019 12:19
A1239447,79.95,6/6/2019 12:19
A1246801,79.95,6/6/2019 12:19
A1131934,79.95,6/6/2019 12:19
A1933673,79.95,6/6/2019 12:19
A1084886,79.95,6/6/2019 12:19
A1005382,79.95,6/6/2019 12:19
A1372920,79.95,6/6/2019 12:19
A1165189,79.95,6/6/2019 12:19
A1233051,79.95,6/6/2019 12:19
A1190251,79.95,6/6/2019 12:19
A1155204,79.95,6/6/2019 12:19
A1250566,79.95,6/6/2019 12:19
A1733881,79.95,6/6/2019 12:20
A1438651,79.95,6/6/2019 12:20
A1720955,79.95,6/6/2019 12:20
A1774616,79.95,6/6/2019 12:20
A1860202,79.95,6/6/2019 12:20
A1597496,79.95,6/6/2019 12:20
A1226950,79.95,6/6/2019 12:20
A1395148,79.95,6/6/2019 12:20
A1135872,79.95,6/6/2019 12:20
A1990422,79.95,6/6/2019 12:20
A1609134,79.95,6/6/2019 12:20
A1927262,79.95,6/6/2019 12:20
A1344549,79.95,6/6/2019 12:20
A1711277,79.95,6/6/2019 12:20
A1815888,79.95,6/6/2019 12:20
A1660480,79.95,6/6/2019 12:20
A1921317,79.95,6/6/2019 12:20
A1791113,79.95,6/6/2019 12:21
A1714679,79.95,6/6/2019 12:21
A1126197,79.95,6/6/2019 12:21
A1047132,79.95,6/6/2019 12:21
A1221003,79.95,6/6/2019 12:21
A1878835,79.95,6/6/2019 12:21
A1515846,79.95,6/6/2019 12:21
A1324346,79.95,6/6/2019 12:21
A1460775,79.95,6/6/2019 12:21
A1572443,79.95,6/6/2019 12:21
A1317084,79.95,6/6/2019 12:21
A1280371,79.95,6/6/2019 12:21
A1604920,79.95,6/6/2019 12:21
A1499930,79.95,6/6/2019 12:21
A1728766,79.95,6/6/2019 12:21
A1733679,79.95,6/6/2019 12:21
A1164607,79.95,6/6/2019 12:21
A1392922,79.95,6/6/2019 12:21
A1242026,79.95,6/6/2019 12:21
A1126120,79.95,6/6/2019 12:21
A1360632,79.95,6/6/2019 12:21
A1792061,79.95,6/6/2019 12:21
A1499766,79.95,6/6/2019 12:21
A1475504,79.95,6/6/2019 12:21
A1581547,79.95,6/6/2019 12:22
A1774302,79.95,6/6/2019 12:22
A1224552,79.95,6/6/2019 12:22
A1724558,79.95,6/6/2019 12:22
A1195774,79.95,6/6/2019 12:22
A1627739,79.95,6/6/2019 12:22
A1186436,79.95,6/6/2019 12:22
A1873331,79.95,6/6/2019 12:22
A1796826,79.95,6/6/2019 12:22
A1475379,79.95,6/6/2019 12:22
A1779841,79.95,6/6/2019 12:22
A1383826,79.95,6/6/2019 12:22
A1245091,79.95,6/6/2019 12:22
A1812874,79.95,6/6/2019 12:22
A1495524,79.95,6/6/2019 12:22
A1723671,79.95,6/6/2019 12:22
A1404395,79.95,6/6/2019 12:22
A1160758,79.95,6/6/2019 12:22
A1338509,79.95,6/6/2019 12:22
A1433259,79.95,6/6/2019 12:22
A1976184,79.95,6/6/2019 12:22
A1741321,79.95,6/6/2019 12:22
A1613762,79.95,6/6/2019 12:22
A1749127,79.95,6/6/2019 12:22
A1890114,79.95,6/6/2019 12:22
A1667008,79.95,6/6/2019 12:22
A1860623,79.95,6/6/2019 12:22
A1894081,79.95,6/6/2019 12:23
A1654791,79.95,6/6/2019 12:23
A1930303,79.95,6/6/2019 12:23
A1659394,79.95,6/6/2019 12:23
A1217622,79.95,6/6/2019 12:23
A1498246,79.95,6/6/2019 12:23
A1248101,79.95,6/6/2019 12:23
A1689994,79.95,6/6/2019 12:23
A1549932,79.95,6/6/2019 12:23
A1601796,79.95,6/6/2019 12:23
A1021207,79.95,6/6/2019 12:23
A1229988,79.95,6/6/2019 12:23
A1567284,79.95,6/6/2019 12:23
A1524943,79.95,6/6/2019 12:23
A1817114,79.95,6/6/2019 12:23
A1437089,79.95,6/6/2019 12:23
A1802069,79.95,6/6/2019 12:23
A1458705,79.95,6/6/2019 12:23
A1092374,79.95,6/6/2019 12:23
A1440311,79.95,6/6/2019 12:23
A1382807,79.95,6/6/2019 12:23
A1455738,79.95,6/6/2019 12:24
A1301734,79.95,6/6/2019 12:24
A1087958,79.95,6/6/2019 12:24
A1971637,79.95,6/6/2019 12:24
A1263739,79.95,6/6/2019 12:24
A1936459,79.95,6/6/2019 12:24
A1660715,79.95,6/6/2019 12:24
A1509955,79.95,6/6/2019 12:24
A1059166,79.95,6/6/2019 12:24
A1512822,79.95,6/6/2019 12:24
A1970172,79.95,6/6/2019 12:24
A1727835,79.95,6/6/2019 12:24
A1750542,79.95,6/6/2019 12:24
A1390952,79.95,6/6/2019 12:24
A1951988,79.95,6/6/2019 12:24
A1454842,79.95,6/6/2019 12:24
A1918924,79.95,6/6/2019 12:24
A1379246,79.95,6/6/2019 12:24
A1882007,79.95,6/6/2019 12:24
A1922547,79.95,6/6/2019 12:25
A1471778,79.95,6/6/2019 12:25
A1560810,79.95,6/6/2019 12:25
A1775645,79.95,6/6/2019 12:25
A1868588,79.95,6/6/2019 12:25
A1151521,79.95,6/6/2019 12:25
A1352896,79.95,6/6/2019 12:25
A1887781,79.95,6/6/2019 12:25
A1491313,79.95,6/6/2019 12:25
A1717078,79.95,6/6/2019 12:25
A1677033,79.95,6/6/2019 12:25
A1610093,79.95,6/6/2019 12:25
A1020377,79.95,6/6/2019 12:25
A1182933,79.95,6/6/2019 12:25
A1514380,79.95,6/6/2019 12:25
A1512673,79.95,6/6/2019 12:25
A1203022,79.95,6/6/2019 12:25
A1443729,79.95,6/6/2019 12:25
A1853266,79.95,6/6/2019 12:25
A1481861,79.95,6/6/2019 12:25
A1805321,79.95,6/6/2019 12:25
A1255332,79.95,6/6/2019 12:25
A1345635,79.95,6/6/2019 12:25
A1677204,79.95,6/6/2019 12:25
A1070670,79.95,6/6/2019 12:25
A1800026,79.95,6/6/2019 12:25
A1721548,79.95,6/6/2019 12:25
A1918096,79.95,6/6/2019 12:26
A1695826,79.95,6/6/2019 12:26
A1012096,79.95,6/6/2019 12:26
A1758869,79.95,6/6/2019 12:26
A1645363,79.95,6/6/2019 12:26
A1601522,79.95,6/6/2019 12:26
A1759559,79.95,6/6/2019 12:26
A1637992,79.95,6/6/2019 12:26
A1911184,79.95,6/6/2019 12:26
A1370964,79.95,6/6/2019 12:26
A1537562,79.95,6/6/2019 12:26
A1029201,79.95,6/6/2019 12:26
A1184960,79.95,6/6/2019 12:26
A1564123,79.95,6/6/2019 12:26
A1099757,79.95,6/6/2019 12:26
A1670856,79.95,6/6/2019 12:26
A1771372,79.95,6/6/2019 12:26
A1078639,79.95,6/6/2019 12:26
A1222283,79.95,6/6/2019 12:26
A1698856,79.95,6/6/2019 12:26
A1549628,79.95,6/6/2019 12:26
A1417164,79.95,6/6/2019 12:26
A1503825,79.95,6/6/2019 12:26
A1247091,79.95,6/6/2019 12:26
A1168916,79.95,6/6/2019 12:26
A1984457,79.95,6/6/2019 12:26
A1870537,79.95,6/6/2019 12:26
A1736393,79.95,6/6/2019 12:26
A1272166,79.95,6/6/2019 12:26
A1734140,79.95,6/6/2019 12:26
A1488404,79.95,6/6/2019 12:26
A1468043,79.95,6/6/2019 12:26
A1782358,79.95,6/6/2019 12:26
A1823339,79.95,6/6/2019 12:26
A1194056,79.95,6/6/2019 12:26
A1921597,79.95,6/6/2019 12:26
A1409689,79.95,6/6/2019 12:26
A1871100,79.95,6/6/2019 12:27
A1326604,79.95,6/6/2019 12:27
A1148539,79.95,6/6/2019 12:27
A1469138,79.95,6/6/2019 12:27
A1732188,79.95,6/6/2019 12:27
A1128770,79.95,6/6/2019 12:27
A1342751,79.95,6/6/2019 12:27
A1340351,79.95,6/6/2019 12:27
A1825903,79.95,6/6/2019 12:27
A1282004,79.95,6/6/2019 12:27
A1123496,79.95,6/6/2019 12:27
A1732859,79.95,6/6/2019 12:27
A1358509,79.95,6/6/2019 12:27
A1519936,79.95,6/6/2019 12:27
A1341866,79.95,6/6/2019 12:27
A1208842,79.95,6/6/2019 12:27
A1602204,79.95,6/6/2019 12:27
A1190543,79.95,6/6/2019 12:27
A1343819,79.95,6/6/2019 12:27
A1260044,79.95,6/6/2019 12:27
A1690693,79.95,6/6/2019 12:27
A1390803,79.95,6/6/2019 12:27
A1368043,79.95,6/6/2019 12:27
A1631977,79.95,6/6/2019 12:27
A1361565,79.95,6/6/2019 12:27
A1147382,79.95,6/6/2019 12:28
A1013465,79.95,6/6/2019 12:28
A1950674,79.95,6/6/2019 12:28
A1110432,79.95,6/6/2019 12:28
A1408641,79.95,6/6/2019 12:28
A1019477,79.95,6/6/2019 12:28
A1400246,79.95,6/6/2019 12:28
A1670113,79.95,6/6/2019 12:28
A1936376,79.95,6/6/2019 12:28
A1425591,79.95,6/6/2019 12:28
A1650736,79.95,6/6/2019 12:28
A1122933,79.95,6/6/2019 12:28
A1101436,79.95,6/6/2019 12:28
A1352458,79.95,6/6/2019 12:28
A1419483,79.95,6/6/2019 12:28
A1500861,79.95,6/6/2019 12:28
A1422517,79.95,6/6/2019 12:28
A1974558,79.95,6/6/2019 12:28
A1391364,79.95,6/6/2019 12:28
A1035407,79.95,6/6/2019 12:28
A1650401,79.95,6/6/2019 12:28
A1292960,79.95,6/6/2019 12:28
A1076423,79.95,6/6/2019 12:28
A1128045,79.95,6/6/2019 12:28
A1693955,79.95,6/6/2019 12:28
A1206135,79.95,6/6/2019 12:28
A1388555,79.95,6/6/2019 12:29
A1864995,79.95,6/6/2019 12:29
A1142477,79.95,6/6/2019 12:29
A1163678,79.95,6/6/2019 12:29
A1756324,79.95,6/6/2019 12:29
A1678350,79.95,6/6/2019 12:29
A1096274,79.95,6/6/2019 12:29
A1201545,79.95,6/6/2019 12:29
A1585773,79.95,6/6/2019 12:29
A1382923,79.95,6/6/2019 12:29
A1797083,79.95,6/6/2019 12:29
A1430485,79.95,6/6/2019 12:29
A1899618,79.95,6/6/2019 12:29
A1538856,79.95,6/6/2019 12:29
A1487999,79.95,6/6/2019 12:29
A1975092,79.95,6/6/2019 12:29
A1305045,79.95,6/6/2019 12:29
A1954050,79.95,6/6/2019 12:29
A1719490,79.95,6/6/2019 12:29
A1111396,79.95,6/6/2019 12:29
A1410489,79.95,6/6/2019 12:29
A1090404,79.95,6/6/2019 12:29
A1916729,79.95,6/6/2019 12:29
A1255851,79.95,6/6/2019 12:29
A1015086,79.95,6/6/2019 12:29
A1040318,79.95,6/6/2019 12:29
A1174207,79.95,6/6/2019 12:29
A1819324,79.95,6/6/2019 12:29
A1252599,79.95,6/6/2019 12:29
A1633570,79.95,6/6/2019 12:29
A1601340,79.95,6/6/2019 12:29
A1190318,79.95,6/6/2019 12:30
A1611674,79.95,6/6/2019 12:30
A1533381,79.95,6/6/2019 12:30
A1516102,79.95,6/6/2019 12:30
A1117393,79.95,6/6/2019 12:30
A1699082,79.95,6/6/2019 12:30
A1715950,79.95,6/6/2019 12:30
A1668343,79.95,6/6/2019 12:30
A1430668,79.95,6/6/2019 12:30
A1236216,79.95,6/6/2019 12:30
A1567234,79.95,6/6/2019 12:30
A1616660,79.95,6/6/2019 12:30
A1923877,79.95,6/6/2019 12:30
A1160081,79.95,6/6/2019 12:30
A1353522,79.95,6/6/2019 12:30
A1240556,79.95,6/6/2019 12:30
A1951273,79.95,6/6/2019 12:30
A1214058,79.95,6/6/2019 12:30
A1926966,79.95,6/6/2019 12:30
A1366294,79.95,6/6/2019 12:30
A1951462,79.95,6/6/2019 12:30
A1171792,79.95,6/6/2019 12:31
A1821787,79.95,6/6/2019 12:31
A1937491,79.95,6/6/2019 12:31
A1296482,79.95,6/6/2019 12:31
A1301694,79.95,6/6/2019 12:31
A1528095,79.95,6/6/2019 12:31
A1349436,79.95,6/6/2019 12:31
A1337515,79.95,6/6/2019 12:31
A1971167,79.95,6/6/2019 12:31
A1768547,79.95,6/6/2019 12:31
A1695682,79.95,6/6/2019 12:31
A1909339,79.95,6/6/2019 12:31
A1288686,79.95,6/6/2019 12:31
A1262502,79.95,6/6/2019 12:31
A1964559,79.95,6/6/2019 12:31
A1065251,79.95,6/6/2019 12:31
A1312336,79.95,6/6/2019 12:31
A1670304,79.95,6/6/2019 12:31
A1981862,79.95,6/6/2019 12:31
A1320959,79.95,6/6/2019 12:31
A1974789,79.95,6/6/2019 12:31
A1506031,79.95,6/6/2019 12:31
A1653012,79.95,6/6/2019 12:31
A1556132,79.95,6/6/2019 12:31
A1891718,79.95,6/6/2019 12:31
A1545524,79.95,6/6/2019 12:31
A1188404,79.95,6/6/2019 12:31
A1976620,79.95,6/6/2019 12:31
A1314252,79.95,6/6/2019 12:32
A1399863,79.95,6/6/2019 12:32
A1509375,79.95,6/6/2019 12:32
A1805142,79.95,6/6/2019 12:32
A1219624,79.95,6/6/2019 12:32
A1944736,79.95,6/6/2019 12:32
A1210078,79.95,6/6/2019 12:32
A1306771,79.95,6/6/2019 12:32
A1137352,79.95,6/6/2019 12:32
A1839958,79.95,6/6/2019 12:32
A1488654,79.95,6/6/2019 12:32
A1608134,79.95,6/6/2019 12:32
A1475596,79.95,6/6/2019 12:32
A1418923,79.95,6/6/2019 12:32
A1935452,79.95,6/6/2019 12:32
A1005138,79.95,6/6/2019 12:32
A1768410,79.95,6/6/2019 12:32
A1054618,79.95,6/6/2019 12:33
A1441533,79.95,6/6/2019 12:33
A1180520,79.95,6/6/2019 12:33
A1944302,79.95,6/6/2019 12:33
A1210133,79.95,6/6/2019 12:33
A1605091,79.95,6/6/2019 12:33
A1799271,79.95,6/6/2019 12:33
A1540675,79.95,6/6/2019 12:33
A1790640,79.95,6/6/2019 12:33
A1191502,79.95,6/6/2019 12:33
A1026835,79.95,6/6/2019 12:33
A1523667,79.95,6/6/2019 12:33
A1421579,79.95,6/6/2019 12:33
A1326023,79.95,6/6/2019 12:33
A1982483,79.95,6/6/2019 12:33
A1353246,79.95,6/6/2019 12:33
A1697644,79.95,6/6/2019 12:33
A1384461,79.95,6/6/2019 12:33
A1727433,79.95,6/6/2019 12:34
A1569755,79.95,6/6/2019 12:34
A1037071,79.95,6/6/2019 12:34
A1225389,79.95,6/6/2019 12:34
A1776039,79.95,6/6/2019 12:34
A1867615,79.95,6/6/2019 12:34
A1382468,79.95,6/6/2019 12:34
A1450190,79.95,6/6/2019 12:34
A1382801,79.95,6/6/2019 12:34
A1658759,79.95,6/6/2019 12:34
A1955389,79.95,6/6/2019 12:34
A1714727,79.95,6/6/2019 12:34
A1029887,79.95,6/6/2019 12:34
A1657337,79.95,6/6/2019 12:34
A1206763,79.95,6/6/2019 12:34
A1069682,79.95,6/6/2019 12:34
A1183003,79.95,6/6/2019 12:34
A1813214,79.95,6/6/2019 12:34
A1854633,79.95,6/6/2019 12:34
A1846434,79.95,6/6/2019 12:34
A1518397,79.95,6/6/2019 12:34
A1224147,79.95,6/6/2019 12:34
A1830709,79.95,6/6/2019 12:34
A1813282,79.95,6/6/2019 12:34
A1054942,79.95,6/6/2019 12:34
A1225119,79.95,6/6/2019 12:34
A1780924,79.95,6/6/2019 12:34
A1741443,79.95,6/6/2019 12:34
A1500777,79.95,6/6/2019 12:34
A1352665,79.95,6/6/2019 12:35
A1109340,79.95,6/6/2019 12:35
A1488703,79.95,6/6/2019 12:35
A1987114,79.95,6/6/2019 12:35
A1733057,79.95,6/6/2019 12:35
A1367516,79.95,6/6/2019 12:35
A1825763,79.95,6/6/2019 12:35
A1629036,79.95,6/6/2019 12:35
A1665629,79.95,6/6/2019 12:35
A1348780,79.95,6/6/2019 12:35
A1515997,79.95,6/6/2019 12:35
A1553080,79.95,6/6/2019 12:35
A1699900,79.95,6/6/2019 12:35
A1115685,79.95,6/6/2019 12:35
A1757253,79.95,6/6/2019 12:35
A1805887,79.95,6/6/2019 12:35
A1064198,79.95,6/6/2019 12:35
A1076484,79.95,6/6/2019 12:35
A1827185,79.95,6/6/2019 12:35
A1861546,79.95,6/6/2019 12:35
A1778984,79.95,6/6/2019 12:35
A1644581,79.95,6/6/2019 12:35
A1381373,79.95,6/6/2019 12:35
A1171052,79.95,6/6/2019 12:35
A1301545,79.95,6/6/2019 12:35
A1238494,79.95,6/6/2019 12:36
A1503498,79.95,6/6/2019 12:36
A1299201,79.95,6/6/2019 12:36
A1982281,79.95,6/6/2019 12:36
A1716681,79.95,6/6/2019 12:36
A1925711,79.95,6/6/2019 12:36
A1738254,79.95,6/6/2019 12:36
A1282239,79.95,6/6/2019 12:36
A1059591,79.95,6/6/2019 12:36
A1092568,79.95,6/6/2019 12:36
A1617104,79.95,6/6/2019 12:36
A1304571,79.95,6/6/2019 12:36
A1513904,79.95,6/6/2019 12:36
A1017127,79.95,6/6/2019 12:36
A1882794,79.95,6/6/2019 12:36
A1271369,79.95,6/6/2019 12:36
A1180461,79.95,6/6/2019 12:36
A1150095,79.95,6/6/2019 12:36
A1334738,79.95,6/6/2019 12:36
A1778873,79.95,6/6/2019 12:36
A1801457,79.95,6/6/2019 12:37
A1468257,79.95,6/6/2019 12:37
A1476706,79.95,6/6/2019 12:37
A1526194,79.95,6/6/2019 12:37
A1052543,79.95,6/6/2019 12:37
A1040584,79.95,6/6/2019 12:37
A1113041,79.95,6/6/2019 12:37
A1881348,79.95,6/6/2019 12:37
A1841362,79.95,6/6/2019 12:37
A1372887,79.95,6/6/2019 12:37
A1506555,79.95,6/6/2019 12:37
A1079457,79.95,6/6/2019 12:37
A1356532,79.95,6/6/2019 12:37
A1353764,79.95,6/6/2019 12:37
A1425881,79.95,6/6/2019 12:37
A1726141,79.95,6/6/2019 12:37
A1922800,79.95,6/6/2019 12:37
A1057746,79.95,6/6/2019 12:37
A1681071,79.95,6/6/2019 12:37
A1720325,79.95,6/6/2019 12:37
A1403906,79.95,6/6/2019 12:37
A1597588,79.95,6/6/2019 12:37
A1870933,79.95,6/6/2019 12:37
A1187715,79.95,6/6/2019 12:38
A1005763,79.95,6/6/2019 12:38
A1896610,79.95,6/6/2019 12:38
A1041325,79.95,6/6/2019 12:38
A1287510,79.95,6/6/2019 12:38
A1108781,79.95,6/6/2019 12:38
A1433848,79.95,6/6/2019 12:38
A1437260,79.95,6/6/2019 12:38
A1181342,79.95,6/6/2019 12:38
A1929447,79.95,6/6/2019 12:38
A1724981,79.95,6/6/2019 12:38
A1931507,79.95,6/6/2019 12:38
A1594803,79.95,6/6/2019 12:38
A1782461,79.95,6/6/2019 12:38
A1611149,79.95,6/6/2019 12:38
A1972513,79.95,6/6/2019 12:38
A1959988,79.95,6/6/2019 12:38
A1268742,79.95,6/6/2019 12:38
A1452677,79.95,6/6/2019 12:38
A1545636,79.95,6/6/2019 12:38
A1856346,79.95,6/6/2019 12:38
A1618695,79.95,6/6/2019 12:38
A1917377,79.95,6/6/2019 12:38
A1295783,79.95,6/6/2019 12:38
A1229120,79.95,6/6/2019 12:38
A1815054,79.95,6/6/2019 12:39
A1637305,79.95,6/6/2019 12:39
A1426175,79.95,6/6/2019 12:39
A1506736,79.95,6/6/2019 12:39
A1714075,79.95,6/6/2019 12:39
A1344718,79.95,6/6/2019 12:39
A1603721,79.95,6/6/2019 12:39
A1138963,79.95,6/6/2019 12:39
A1986057,79.95,6/6/2019 12:39
A1612509,79.95,6/6/2019 12:39
A1660990,79.95,6/6/2019 12:39
A1146617,79.95,6/6/2019 12:39
A1561194,79.95,6/6/2019 12:39
A1846304,79.95,6/6/2019 12:39
A1556171,79.95,6/6/2019 12:39
A1208049,79.95,6/6/2019 12:39
A1987650,79.95,6/6/2019 12:39
A1125087,79.95,6/6/2019 12:39
A1975840,79.95,6/6/2019 12:39
A1578116,79.95,6/6/2019 12:39
A1306036,79.95,6/6/2019 12:39
A1213340,79.95,6/6/2019 12:39
A1904518,79.95,6/6/2019 12:39
A1152654,79.95,6/6/2019 12:39
A1054936,79.95,6/6/2019 12:39
A1713982,79.95,6/6/2019 12:39
A1804251,79.95,6/6/2019 12:39
A1348286,79.95,6/6/2019 12:39
A1147746,79.95,6/6/2019 12:40
A1784447,79.95,6/6/2019 12:40
A1948245,79.95,6/6/2019 12:40
A1784645,79.95,6/6/2019 12:40
A1427500,79.95,6/6/2019 12:40
A1954183,79.95,6/6/2019 12:40
A1279502,79.95,6/6/2019 12:40
A1475215,79.95,6/6/2019 12:40
A1491007,79.95,6/6/2019 12:40
A1517782,79.95,6/6/2019 12:40
A1103417,79.95,6/6/2019 12:40
A1496613,79.95,6/6/2019 12:40
A1179818,79.95,6/6/2019 12:40
A1516926,79.95,6/6/2019 12:40
A1461292,79.95,6/6/2019 12:40
A1827200,79.95,6/6/2019 12:40
A1458417,79.95,6/6/2019 12:40
A1014014,79.95,6/6/2019 12:40
A1820004,79.95,6/6/2019 12:40
A1602314,79.95,6/6/2019 12:40
A1510018,79.95,6/6/2019 12:40
A1396976,79.95,6/6/2019 12:41
A1777268,79.95,6/6/2019 12:41
A1669993,79.95,6/6/2019 12:41
A1202922,79.95,6/6/2019 12:41
A1368405,79.95,6/6/2019 12:41
A1475465,79.95,6/6/2019 12:41
A1710117,79.95,6/6/2019 12:41
A1825949,79.95,6/6/2019 12:42
A1406681,79.95,6/6/2019 12:42
A1924567,79.95,6/6/2019 12:42
A1754277,79.95,6/6/2019 12:42
A1071284,79.95,6/6/2019 12:42
A1751683,79.95,6/6/2019 12:42
A1300604,79.95,6/6/2019 12:42
A1940136,79.95,6/6/2019 12:42
A1808681,79.95,6/6/2019 12:42
A1164955,79.95,6/6/2019 12:42
A1287961,79.95,6/6/2019 12:42
A1809811,79.95,6/6/2019 12:42
A1728506,79.95,6/6/2019 12:42
A1420817,79.95,6/6/2019 12:42
A1133719,79.95,6/6/2019 12:42
A1271846,79.95,6/6/2019 12:42
A1592396,79.95,6/6/2019 12:42
A1876392,79.95,6/6/2019 12:42
A1320704,79.95,6/6/2019 12:42
A1911243,79.95,6/6/2019 12:42
A1674366,79.95,6/6/2019 12:42
A1451437,79.95,6/6/2019 12:42
A1563239,79.95,6/6/2019 12:42
A1652485,79.95,6/6/2019 12:42
A1148032,79.95,6/6/2019 12:42
A1989206,79.95,6/6/2019 12:42
A1175940,79.95,6/6/2019 12:42
A1217275,79.95,6/6/2019 12:42
A1712178,79.95,6/6/2019 12:43
A1640086,79.95,6/6/2019 12:43
A1201514,79.95,6/6/2019 12:43
A1846608,79.95,6/6/2019 12:43
A1127829,79.95,6/6/2019 12:43
A1031134,79.95,6/6/2019 12:43
A1532856,79.95,6/6/2019 12:43
A1835459,79.95,6/6/2019 12:43
A1711527,79.95,6/6/2019 12:43
A1888910,79.95,6/6/2019 12:43
A1707133,79.95,6/6/2019 12:43
A1289727,79.95,6/6/2019 12:43
A1321293,79.95,6/6/2019 12:43
A1788656,79.95,6/6/2019 12:43
A1889567,79.95,6/6/2019 12:43
A1512352,79.95,6/6/2019 12:43
A1665244,79.95,6/6/2019 12:43
A1358969,79.95,6/6/2019 12:43
A1958706,79.95,6/6/2019 12:43
A1707068,79.95,6/6/2019 12:43
A1575522,79.95,6/6/2019 12:43
A1962695,79.95,6/6/2019 12:43
A1392600,79.95,6/6/2019 12:43
A1767569,79.95,6/6/2019 12:43
A1814960,79.95,6/6/2019 12:43
A1003013,79.95,6/6/2019 12:43
A1623035,79.95,6/6/2019 12:43
A1656058,79.95,6/6/2019 12:43
A1190360,79.95,6/6/2019 12:43
A1508686,79.95,6/6/2019 12:43
A1866063,79.95,6/6/2019 12:43
A1301871,79.95,6/6/2019 12:44
A1340281,79.95,6/6/2019 12:44
A1412861,79.95,6/6/2019 12:44
A1094279,79.95,6/6/2019 12:44
A1010522,79.95,6/6/2019 12:44
A1423581,79.95,6/6/2019 12:44
A1771595,79.95,6/6/2019 12:44
A1462209,79.95,6/6/2019 12:44
A1290000,79.95,6/6/2019 12:44
A1263663,79.95,6/6/2019 12:44
A1056605,79.95,6/6/2019 12:44
A1571146,79.95,6/6/2019 12:44
A1974111,79.95,6/6/2019 12:44
A1654867,79.95,6/6/2019 12:44
A1953788,79.95,6/6/2019 12:44
A1583028,79.95,6/6/2019 12:44
A1225044,79.95,6/6/2019 12:44
A1642049,79.95,6/6/2019 12:44
A1455924,79.95,6/6/2019 12:44
A1314494,79.95,6/6/2019 12:44
A1897346,79.95,6/6/2019 12:44
A1319526,79.95,6/6/2019 12:44
A1722126,79.95,6/6/2019 12:44
A1837632,79.95,6/6/2019 12:44
A1901892,79.95,6/6/2019 12:44
A1566048,79.95,6/6/2019 12:44
A1535939,79.95,6/6/2019 12:44
A1119526,79.95,6/6/2019 12:45
A1167365,79.95,6/6/2019 12:45
A1676792,79.95,6/6/2019 12:45
A1229167,79.95,6/6/2019 12:45
A1872389,79.95,6/6/2019 12:45
A1417031,79.95,6/6/2019 12:45
A1253611,79.95,6/6/2019 12:45
A1262006,79.95,6/6/2019 12:45
A1475956,79.95,6/6/2019 12:45
A1188508,79.95,6/6/2019 12:45
A1734091,79.95,6/6/2019 12:45
A1857382,79.95,6/6/2019 12:45
A1009009,79.95,6/6/2019 12:45
A1889778,79.95,6/6/2019 12:45
A1871924,79.95,6/6/2019 12:45
A1739905,79.95,6/6/2019 12:45
A1007747,79.95,6/6/2019 12:45
A1854471,79.95,6/6/2019 12:45
A1715061,79.95,6/6/2019 12:45
A1695606,79.95,6/6/2019 12:45
A1070888,79.95,6/6/2019 12:45
A1095527,79.95,6/6/2019 12:45
A1233598,79.95,6/6/2019 12:45
A1839814,79.95,6/6/2019 12:46
A1582785,79.95,6/6/2019 12:46
A1210807,79.95,6/6/2019 12:46
A1352741,79.95,6/6/2019 12:46
A1997328,79.95,6/6/2019 12:46
A1528838,79.95,6/6/2019 12:46
A1265403,79.95,6/6/2019 12:46
A1432150,79.95,6/6/2019 12:46
A1889087,79.95,6/6/2019 12:46
A1959641,79.95,6/6/2019 12:46
A1223765,79.95,6/6/2019 12:46
A1484730,79.95,6/6/2019 12:46
A1041114,79.95,6/6/2019 12:46
A1192731,79.95,6/6/2019 12:46
A1188304,79.95,6/6/2019 12:46
A1544932,79.95,6/6/2019 12:46
A1468143,79.95,6/6/2019 12:46
A1919098,79.95,6/6/2019 12:46
A1360508,79.95,6/6/2019 12:46
A1808113,79.95,6/6/2019 12:46
A1281559,79.95,6/6/2019 12:46
A1649448,79.95,6/6/2019 12:46
A1198665,79.95,6/6/2019 12:46
A1297537,79.95,6/6/2019 12:46
A1249119,79.95,6/6/2019 12:47
A1763817,79.95,6/6/2019 12:47
A1694056,79.95,6/6/2019 12:47
A1564345,79.95,6/6/2019 12:47
A1726750,79.95,6/6/2019 12:47
A1442669,79.95,6/6/2019 12:47
A1351675,79.95,6/6/2019 12:47
A1230632,79.95,6/6/2019 12:47
A1836193,79.95,6/6/2019 12:47
A1792411,79.95,6/6/2019 12:47
A1917023,79.95,6/6/2019 12:48
A1318511,79.95,6/6/2019 12:53
A1819374,79.95,6/6/2019 13:54
A1806565,79.95,6/6/2019 14:02
A1376728,79.95,6/6/2019 14:25
A1567879,79.95,6/6/2019 14:59
A1878042,79.95,6/6/2019 14:58
A1182359,79.95,6/6/2019 15:09
A1053780,79.95,6/6/2019 15:23
A1196923,79.95,6/6/2019 15:25
A1782672,79.95,6/6/2019 19:03
A1749074,79.95,6/6/2019 19:57
A1731267,79.95,6/6/2019 20:03
A1591187,79.95,6/6/2019 20:36
A1928138,79.95,6/6/2019 21:16
A1021002,79.95,6/6/2019 21:47
A1718498,79.95,6/6/2019 23:54
A1455699,79.95,6/7/2019 6:23
A1284632,79.95,6/7/2019 7:42
A1193365,79.95,6/7/2019 8:01
A1080925,79.95,6/7/2019 8:01
A1630392,79.95,6/7/2019 8:01
A1830528,79.95,6/7/2019 8:01
A1118050,79.95,6/7/2019 8:01
A1944753,79.95,6/7/2019 8:01
A1442266,79.95,6/7/2019 8:01
A1996434,79.95,6/7/2019 8:01
A1582800,79.95,6/7/2019 8:01
A1586981,79.95,6/7/2019 8:01
A1636100,79.95,6/7/2019 8:01
A1394877,79.95,6/7/2019 8:01
A1948816,79.95,6/7/2019 8:01
A1301611,79.95,6/7/2019 8:01
A1048015,79.95,6/7/2019 8:01
A1368451,79.95,6/7/2019 8:01
A1164939,79.95,6/7/2019 8:01
A1373578,79.95,6/7/2019 8:01
A1367756,79.95,6/7/2019 8:01
A1903330,79.95,6/7/2019 8:01
A1282019,79.95,6/7/2019 8:01
A1522212,79.95,6/7/2019 8:01
A1972635,79.95,6/7/2019 8:01
A1606390,79.95,6/7/2019 8:02
A1951090,79.95,6/7/2019 8:02
A1219807,79.95,6/7/2019 8:02
A1547879,79.95,6/7/2019 8:02
A1455485,79.95,6/7/2019 8:02
A1012944,79.95,6/7/2019 8:02
A1976191,79.95,6/7/2019 8:02
A1388337,79.95,6/7/2019 8:02
A1575336,79.95,6/7/2019 8:02
A1627133,79.95,6/7/2019 8:02
A1431119,79.95,6/7/2019 8:02
A1712958,79.95,6/7/2019 8:02
A1052754,79.95,6/7/2019 8:02
A1922232,79.95,6/7/2019 8:02
A1535014,79.95,6/7/2019 8:02
A1349585,79.95,6/7/2019 8:02
A1976523,79.95,6/7/2019 8:02
A1253388,79.95,6/7/2019 8:02
A1565298,79.95,6/7/2019 8:02
A1807152,79.95,6/7/2019 8:02
A1023967,79.95,6/7/2019 8:02
A1441306,79.95,6/7/2019 8:02
A1079570,79.95,6/7/2019 8:02
A1960156,79.95,6/7/2019 8:02
A1643131,79.95,6/7/2019 8:02
A1760584,79.95,6/7/2019 8:02
A1679669,79.95,6/7/2019 8:02
A1586909,79.95,6/7/2019 8:03
A1042167,79.95,6/7/2019 8:03
A1397709,79.95,6/7/2019 8:03
A1005467,79.95,6/7/2019 8:03
A1294976,79.95,6/7/2019 8:03
A1550263,79.95,6/7/2019 8:03
A1096333,79.95,6/7/2019 8:03
A1250932,79.95,6/7/2019 8:03
A1017216,79.95,6/7/2019 8:03
A1050866,79.95,6/7/2019 8:03
A1031942,79.95,6/7/2019 8:03
A1733341,79.95,6/7/2019 8:03
A1689640,79.95,6/7/2019 8:03
A1347126,79.95,6/7/2019 8:03
A1679906,79.95,6/7/2019 8:03
A1598595,79.95,6/7/2019 8:03
A1873770,79.95,6/7/2019 8:03
A1197285,79.95,6/7/2019 8:03
A1851557,79.95,6/7/2019 8:03
A1348319,79.95,6/7/2019 8:03
A1621146,79.95,6/7/2019 8:03
A1789847,79.95,6/7/2019 8:03
A1193485,79.95,6/7/2019 8:03
A1293729,79.95,6/7/2019 8:04
A1459784,79.95,6/7/2019 8:04
A1500893,79.95,6/7/2019 8:04
A1772767,79.95,6/7/2019 8:04
A1276450,79.95,6/7/2019 8:04
A1802524,79.95,6/7/2019 8:04
A1226579,79.95,6/7/2019 8:04
A1164613,79.95,6/7/2019 8:04
A1351994,79.95,6/7/2019 8:04
A1147160,79.95,6/7/2019 8:04
A1032292,79.95,6/7/2019 8:04
A1141625,79.95,6/7/2019 8:04
A1444802,79.95,6/7/2019 8:04
A1040045,79.95,6/7/2019 8:04
A1176061,79.95,6/7/2019 8:04
A1308538,79.95,6/7/2019 8:04
A1150533,79.95,6/7/2019 8:04
A1532696,79.95,6/7/2019 8:04
A1313267,79.95,6/7/2019 8:26
A1036366,79.95,6/7/2019 10:41
A1549686,79.95,6/7/2019 12:04
A1408972,79.95,6/7/2019 12:23
A1938316,79.95,6/7/2019 13:14
A1332761,79.95,6/7/2019 13:45
A1768711,79.95,6/7/2019 14:12
A1794003,79.95,6/7/2019 18:54
A1465618,79.95,6/8/2019 8:01
A1942058,79.95,6/8/2019 8:01
A1049444,79.95,6/8/2019 8:01
A1175253,79.95,6/8/2019 8:01
A1605413,79.95,6/8/2019 8:01
A1624259,79.95,6/8/2019 8:01
A1937368,79.95,6/8/2019 8:01
A1815816,79.95,6/8/2019 8:01
A1610159,79.95,6/8/2019 8:01
A1961936,79.95,6/8/2019 8:01
A1358800,79.95,6/8/2019 8:01
A1627876,79.95,6/8/2019 8:01
A1910425,79.95,6/8/2019 8:01
A1588262,79.95,6/8/2019 8:01
A1977849,79.95,6/8/2019 8:01
A1024680,79.95,6/8/2019 8:01
A1134498,79.95,6/8/2019 8:01
A1272772,79.95,6/8/2019 8:01
A1734919,79.95,6/8/2019 8:01
A1061240,79.95,6/8/2019 8:01
A1637746,79.95,6/8/2019 8:01
A1317927,79.95,6/8/2019 8:01
A1620960,79.95,6/8/2019 8:01
A1138837,79.95,6/8/2019 8:01
A1218989,79.95,6/8/2019 8:01
A1921000,79.95,6/8/2019 8:01
A1861750,79.95,6/8/2019 8:01
A1591068,79.95,6/8/2019 8:02
A1457118,79.95,6/8/2019 8:02
A1469504,79.95,6/8/2019 8:02
A1296531,79.95,6/8/2019 8:02
A1538022,79.95,6/8/2019 8:02
A1399089,79.95,6/8/2019 8:02
A1347394,79.95,6/8/2019 8:02
A1573064,79.95,6/8/2019 8:02
A1266227,79.95,6/8/2019 8:02
A1280053,79.95,6/8/2019 8:02
A1193490,79.95,6/8/2019 8:02
A1201320,79.95,6/8/2019 8:02
A1607188,79.95,6/8/2019 8:02
A1919598,79.95,6/8/2019 8:02
A1109172,79.95,6/8/2019 8:02
A1959677,79.95,6/8/2019 8:02
A1019483,79.95,6/8/2019 8:02
A1747211,79.95,6/8/2019 8:02
A1836514,79.95,6/8/2019 8:02
A1028647,79.95,6/8/2019 8:02
A1891132,79.95,6/8/2019 8:02
A1427605,79.95,6/8/2019 8:02
A1333335,79.95,6/8/2019 8:02
A1727402,79.95,6/8/2019 8:02
A1791334,79.95,6/8/2019 8:03
A1211942,79.95,6/8/2019 8:03
A1430079,79.95,6/8/2019 8:03
A1432133,79.95,6/8/2019 8:03
A1441489,79.95,6/8/2019 8:03
A1888904,79.95,6/8/2019 8:03
A1759270,79.95,6/8/2019 8:03
A1960465,79.95,6/8/2019 8:03
A1513251,79.95,6/8/2019 8:03
A1933035,79.95,6/8/2019 8:03
A1230416,79.95,6/8/2019 8:03
A1932108,79.95,6/8/2019 8:03
A1182460,79.95,6/8/2019 8:03
A1227885,79.95,6/8/2019 8:03
A1260029,79.95,6/8/2019 8:03
A1201865,79.95,6/8/2019 8:04
A1357883,79.95,6/8/2019 8:04
A1278577,79.95,6/8/2019 8:04
A1917407,79.95,6/8/2019 8:04
A1557492,79.95,6/8/2019 8:04
A1254203,79.95,6/8/2019 8:04
A1675455,79.95,6/8/2019 8:04
A1494831,79.95,6/8/2019 8:04
A1423108,79.95,6/8/2019 8:04
A1521050,79.95,6/8/2019 8:04
A1281886,79.95,6/8/2019 8:04
A1115844,79.95,6/8/2019 8:04
A1182641,79.95,6/8/2019 8:04
A1615830,79.95,6/8/2019 8:04
A1807274,79.95,6/8/2019 8:04
A1923138,79.95,6/8/2019 8:04
A1067338,79.95,6/8/2019 8:04
A1802876,79.95,6/8/2019 8:04
A1239951,79.95,6/8/2019 8:04
A1530610,79.95,6/8/2019 8:04
A1964755,79.95,6/8/2019 8:04
A1837044,79.95,6/8/2019 8:04
A1228052,79.95,6/8/2019 8:04
A1309670,79.95,6/8/2019 8:04
A1676033,79.95,6/8/2019 8:04
A1200855,79.95,6/8/2019 8:05
A1724713,79.95,6/8/2019 8:05
A1081898,79.95,6/8/2019 8:05
A1385724,79.95,6/8/2019 8:05
A1673807,79.95,6/8/2019 8:05
A1557780,79.95,6/8/2019 8:05
A1273276,79.95,6/8/2019 8:05
A1901724,79.95,6/8/2019 8:05
A1152614,79.95,6/8/2019 8:05
A1534676,79.95,6/8/2019 8:05
A1999159,79.95,6/8/2019 8:05
A1044450,79.95,6/8/2019 8:05
A1651877,79.95,6/8/2019 8:05
A1875284,79.95,6/8/2019 8:05
A1116157,79.95,6/8/2019 8:05
A1944446,79.95,6/8/2019 8:05
A1899933,79.95,6/8/2019 8:05
A1912285,79.95,6/8/2019 8:05
A1136119,79.95,6/8/2019 8:05
A1703743,79.95,6/8/2019 8:05
A1295239,79.95,6/8/2019 9:41
A1807836,79.95,6/8/2019 10:52
A1520753,79.95,6/8/2019 11:30
A1804891,79.95,6/8/2019 12:23
A1156532,79.95,6/8/2019 12:23
A1279813,79.95,6/8/2019 12:23
A1227897,79.95,6/8/2019 12:24
A1478690,79.95,6/8/2019 12:24
A1194499,79.95,6/8/2019 12:24
A1065484,79.95,6/8/2019 12:24
A1418333,79.95,6/8/2019 12:25
A1420403,79.95,6/8/2019 12:25
A1775534,79.95,6/8/2019 12:25
A1042256,79.95,6/8/2019 12:25
A1154868,79.95,6/8/2019 12:25
A1467173,79.95,6/8/2019 12:25
A1702481,79.95,6/8/2019 12:25
A1705137,79.95,6/8/2019 12:26
A1704930,79.95,6/8/2019 12:26
A1380271,79.95,6/8/2019 12:26
A1271001,79.95,6/8/2019 12:26
A1248891,79.95,6/8/2019 12:26
A1985283,79.95,6/8/2019 12:33
A1095832,79.95,6/8/2019 12:34
A1135960,79.95,6/8/2019 12:34
A1906689,79.95,6/8/2019 12:34
A1885138,79.95,6/8/2019 12:34
A1355891,79.95,6/8/2019 12:35
A1117595,79.95,6/8/2019 12:35
A1188636,79.95,6/8/2019 12:35
A1755444,79.95,6/8/2019 12:35
A1769446,79.95,6/8/2019 12:35
A1710164,79.95,6/8/2019 12:35
A1501643,79.95,6/8/2019 12:35
A1454490,79.95,6/8/2019 12:35
A1887366,79.95,6/8/2019 12:35
A1529210,79.95,6/8/2019 12:36
A1553670,79.95,6/8/2019 12:44
A1693993,79.95,6/8/2019 12:44
A1465974,79.95,6/8/2019 12:44
A1100303,79.95,6/8/2019 12:44
A1394263,79.95,6/8/2019 12:44
A1819069,79.95,6/8/2019 12:44
A1983765,79.95,6/8/2019 12:44
A1841471,79.95,6/8/2019 12:45
A1789299,79.95,6/8/2019 12:45
A1733090,79.95,6/8/2019 12:45
A1952426,79.95,6/8/2019 12:45
A1831543,79.95,6/8/2019 12:45
A1225211,79.95,6/8/2019 12:45
A1934757,79.95,6/8/2019 12:45
A1240717,79.95,6/8/2019 12:45
A1927951,79.95,6/8/2019 12:45
A1313666,79.95,6/8/2019 12:45
A1336584,79.95,6/8/2019 12:46
A1318217,79.95,6/8/2019 12:46
A1207240,79.95,6/8/2019 12:46
A1111400,79.95,6/8/2019 12:46
A1155796,79.95,6/8/2019 12:52
A1350764,79.95,6/8/2019 12:54
A1549717,79.95,6/8/2019 12:54
A1664628,79.95,6/8/2019 12:54
A1440250,79.95,6/8/2019 12:54
A1221507,79.95,6/8/2019 12:54
A1126960,79.95,6/8/2019 12:55
A1605858,79.95,6/8/2019 12:55
A1704663,79.95,6/8/2019 12:55
A1218848,79.95,6/8/2019 14:16
A1171667,79.95,6/8/2019 15:13
A1606901,79.95,6/8/2019 15:21
A1234841,79.95,6/8/2019 15:42
A1339329,79.95,6/8/2019 16:41
A1384924,79.95,6/8/2019 18:07
A1499354,79.95,6/8/2019 18:27
A1213401,79.95,6/8/2019 18:34
A1444926,79.95,6/8/2019 19:48
A1206777,79.95,6/8/2019 20:28
A1208207,79.95,6/9/2019 1:01
A1629735,79.95,6/9/2019 8:01
A1371878,79.95,6/9/2019 8:01
A1628491,79.95,6/9/2019 8:01
A1910773,79.95,6/9/2019 8:01
A1922202,79.95,6/9/2019 8:01
A1808751,79.95,6/9/2019 8:01
A1991980,79.95,6/9/2019 8:01
A1079689,79.95,6/9/2019 8:01
A1626276,79.95,6/9/2019 8:01
A1743657,79.95,6/9/2019 8:01
A1266108,79.95,6/9/2019 8:02
A1637533,79.95,6/9/2019 8:02
A1548916,79.95,6/9/2019 8:02
A1742529,79.95,6/9/2019 8:02
A1699422,79.95,6/9/2019 8:02
A1685248,79.95,6/9/2019 8:02
A1600611,79.95,6/9/2019 8:02
A1828852,79.95,6/9/2019 8:02
A1460047,79.95,6/9/2019 8:02
A1898929,79.95,6/9/2019 8:02
A1235911,79.95,6/9/2019 8:02
A1435858,79.95,6/9/2019 8:02
A1889868,79.95,6/9/2019 8:02
A1771488,79.95,6/9/2019 8:02
A1367625,79.95,6/9/2019 8:02
A1927816,79.95,6/9/2019 8:02
A1629233,79.95,6/9/2019 8:02
A1888804,79.95,6/9/2019 8:02
A1403409,79.95,6/9/2019 8:02
A1111125,79.95,6/9/2019 8:02
A1389988,79.95,6/9/2019 8:02
A1426097,79.95,6/9/2019 8:02
A1693123,79.95,6/9/2019 8:02
A1693932,79.95,6/9/2019 8:02
A1010978,79.95,6/9/2019 8:02
A1042273,79.95,6/9/2019 8:02
A1059062,79.95,6/9/2019 8:02
A1336896,79.95,6/9/2019 8:02
A1101466,79.95,6/9/2019 8:02
A1905876,79.95,6/9/2019 8:02
A1626549,79.95,6/9/2019 8:02
A1217671,79.95,6/9/2019 8:02
A1047932,79.95,6/9/2019 8:02
A1546610,79.95,6/9/2019 8:03
A1083714,79.95,6/9/2019 8:03
A1843512,79.95,6/9/2019 8:03
A1236077,79.95,6/9/2019 8:03
A1643059,79.95,6/9/2019 8:03
A1266536,79.95,6/9/2019 8:03
A1275704,79.95,6/9/2019 8:03
A1612385,79.95,6/9/2019 8:03
A1694446,79.95,6/9/2019 8:03
A1257703,79.95,6/9/2019 8:03
A1875842,79.95,6/9/2019 8:03
A1233402,79.95,6/9/2019 8:03
A1655076,79.95,6/9/2019 8:03
A1303248,79.95,6/9/2019 8:03
A1962952,79.95,6/9/2019 8:03
A1189278,79.95,6/9/2019 8:03
A1129569,79.95,6/9/2019 8:03
A1054975,79.95,6/9/2019 8:03
A1392167,79.95,6/9/2019 8:03
A1399651,79.95,6/9/2019 8:03
A1434626,79.95,6/9/2019 8:03
A1450367,79.95,6/9/2019 8:03
A1711634,79.95,6/9/2019 8:03
A1460248,79.95,6/9/2019 8:03
A1015178,79.95,6/9/2019 8:03
A1092259,79.95,6/9/2019 8:03
A1022548,79.95,6/9/2019 8:03
A1542323,79.95,6/9/2019 8:03
A1234778,79.95,6/9/2019 8:03
A1071273,79.95,6/9/2019 8:03
A1609168,79.95,6/9/2019 8:03
A1531731,79.95,6/9/2019 8:03
A1582573,79.95,6/9/2019 8:03
A1599170,79.95,6/9/2019 8:03
A1639122,79.95,6/9/2019 8:04
A1904982,79.95,6/9/2019 8:04
A1791472,79.95,6/9/2019 8:04
A1012565,79.95,6/9/2019 8:04
A1621119,79.95,6/9/2019 8:04
A1306052,79.95,6/9/2019 8:04
A1192469,79.95,6/9/2019 8:04
A1261448,79.95,6/9/2019 8:04
A1090177,79.95,6/9/2019 8:04
A1932980,79.95,6/9/2019 8:04
A1509501,79.95,6/9/2019 8:04
A1560459,79.95,6/9/2019 8:04
A1909802,79.95,6/9/2019 8:04
A1399073,79.95,6/9/2019 8:04
A1226676,79.95,6/9/2019 8:04
A1685822,79.95,6/9/2019 8:04
A1733574,79.95,6/9/2019 8:04
A1078904,79.95,6/9/2019 8:04
A1254096,79.95,6/9/2019 8:04
A1746289,79.95,6/9/2019 8:04
A1021905,79.95,6/9/2019 8:04
A1477509,79.95,6/9/2019 8:04
A1216970,79.95,6/9/2019 8:04
A1697977,79.95,6/9/2019 8:04
A1783957,79.95,6/9/2019 8:05
A1408425,79.95,6/9/2019 8:05
A1476294,79.95,6/9/2019 8:05
A1276698,79.95,6/9/2019 8:05
A1996341,79.95,6/9/2019 8:05
A1479075,79.95,6/9/2019 8:05
A1404768,79.95,6/9/2019 8:05
A1211190,79.95,6/9/2019 8:05
A1784706,79.95,6/9/2019 8:05
A1665653,79.95,6/9/2019 8:05
A1525655,79.95,6/9/2019 8:05
A1798569,79.95,6/9/2019 8:05
A1924725,79.95,6/9/2019 8:05
A1724118,79.95,6/9/2019 8:05
A1411381,79.95,6/9/2019 8:05
A1279563,79.95,6/9/2019 8:05
A1949939,79.95,6/9/2019 8:05
A1368183,79.95,6/9/2019 8:05
A1476893,79.95,6/9/2019 8:05
A1446261,79.95,6/9/2019 8:06
A1181907,79.95,6/9/2019 8:06
A1012548,79.95,6/9/2019 8:06
A1978551,79.95,6/9/2019 8:06
A1017723,79.95,6/9/2019 8:06
A1870850,79.95,6/9/2019 8:11
A1513721,79.95,6/9/2019 8:11
A1475960,79.95,6/9/2019 8:12
A1794666,79.95,6/9/2019 9:34
A1396415,79.95,6/9/2019 10:12
A1455130,79.95,6/9/2019 10:36
A1521628,79.95,6/9/2019 11:00
A1768927,79.95,6/9/2019 14:04
A1577418,79.95,6/9/2019 15:09
A1253123,79.95,6/9/2019 15:29
A1813687,79.95,6/9/2019 16:27
A1799469,79.95,6/9/2019 16:37
A1631100,79.95,6/9/2019 17:26
A1174481,79.95,6/9/2019 17:36
A1309254,79.95,6/9/2019 18:46
A1519352,79.95,6/9/2019 19:58
A1465043,79.95,6/9/2019 20:48
A1891581,79.95,6/9/2019 22:12
A1709052,79.95,6/9/2019 23:39
A1549357,79.95,6/10/2019 8:01
A1476355,79.95,6/10/2019 8:01
A1538706,79.95,6/10/2019 8:01
A1124045,79.95,6/10/2019 8:01
A1528603,79.95,6/10/2019 8:01
A1100333,79.95,6/10/2019 8:01
A1523877,79.95,6/10/2019 8:01
A1319642,79.95,6/10/2019 8:02
A1929466,79.95,6/10/2019 8:02
A1761920,79.95,6/10/2019 8:02
A1900110,79.95,6/10/2019 8:02
A1517643,79.95,6/10/2019 8:02
A1114345,79.95,6/10/2019 8:02
A1449650,79.95,6/10/2019 8:02
A1080104,79.95,6/10/2019 8:02
A1494700,79.95,6/10/2019 8:02
A1761475,79.95,6/10/2019 8:02
A1151707,79.95,6/10/2019 8:02
A1660548,79.95,6/10/2019 8:02
A1263776,79.95,6/10/2019 8:02
A1152867,79.95,6/10/2019 8:02
A1654682,79.95,6/10/2019 8:02
A1598061,79.95,6/10/2019 8:02
A1327161,79.95,6/10/2019 8:03
A1825153,79.95,6/10/2019 8:03
A1280143,79.95,6/10/2019 8:03
A1997795,79.95,6/10/2019 8:03
A1833863,79.95,6/10/2019 8:03
A1825373,79.95,6/10/2019 8:03
A1594464,79.95,6/10/2019 8:03
A1622824,79.95,6/10/2019 8:03
A1362916,79.95,6/10/2019 8:03
A1916237,79.95,6/10/2019 8:03
A1410389,79.95,6/10/2019 8:03
A1084178,79.95,6/10/2019 8:03
A1163029,79.95,6/10/2019 8:03
A1386973,79.95,6/10/2019 8:03
A1011350,79.95,6/10/2019 8:03
A1217362,79.95,6/10/2019 8:03
A1345818,79.95,6/10/2019 8:03
A1013264,79.95,6/10/2019 8:03
A1172476,79.95,6/10/2019 8:03
A1053990,79.95,6/10/2019 8:03
A1409382,79.95,6/10/2019 8:03
A1666111,79.95,6/10/2019 8:03
A1877401,79.95,6/10/2019 8:03
A1330411,79.95,6/10/2019 8:03
A1023997,79.95,6/10/2019 8:04
A1092429,79.95,6/10/2019 8:04
A1357794,79.95,6/10/2019 8:04
A1738953,79.95,6/10/2019 8:04
A1549976,79.95,6/10/2019 8:04
A1695212,79.95,6/10/2019 8:04
A1160893,79.95,6/10/2019 8:04
A1462990,79.95,6/10/2019 8:04
A1279575,79.95,6/10/2019 8:04
A1902308,79.95,6/10/2019 8:04
A1178281,79.95,6/10/2019 8:04
A1141745,79.95,6/10/2019 8:04
A1489737,79.95,6/10/2019 8:04
A1197102,79.95,6/10/2019 8:04
A1203868,79.95,6/10/2019 8:04
A1793781,79.95,6/10/2019 8:04
A1989368,79.95,6/10/2019 8:04
A1224326,79.95,6/10/2019 8:04
A1736670,79.95,6/10/2019 8:04
A1841205,79.95,6/10/2019 8:04
A1717716,79.95,6/10/2019 8:05
A1016087,79.95,6/10/2019 8:05
A1693995,79.95,6/10/2019 8:05
A1232291,79.95,6/10/2019 8:05
A1172120,79.95,6/10/2019 8:05
A1726370,79.95,6/10/2019 8:05
A1746460,79.95,6/10/2019 8:05
A1297269,79.95,6/10/2019 8:05
A1992130,79.95,6/10/2019 8:05
A1407752,79.95,6/10/2019 8:05
A1764179,79.95,6/10/2019 8:05
A1316535,79.95,6/10/2019 8:05
A1659843,79.95,6/10/2019 8:05
A1158610,79.95,6/10/2019 8:05
A1327659,79.95,6/10/2019 8:05
A1772961,79.95,6/10/2019 8:05
A1857459,79.95,6/10/2019 8:05
A1860219,79.95,6/10/2019 8:05
A1762212,79.95,6/10/2019 8:05
A1979014,79.95,6/10/2019 8:05
A1351659,79.95,6/10/2019 8:06
A1837545,79.95,6/10/2019 8:06
A1069631,79.95,6/10/2019 8:06
A1233252,79.95,6/10/2019 8:06
A1921270,79.95,6/10/2019 8:06
A1144491,79.95,6/10/2019 8:06
A1261465,79.95,6/10/2019 8:06
A1106207,79.95,6/10/2019 8:06
A1834210,79.95,6/10/2019 8:06
A1051277,79.95,6/10/2019 8:06
A1566126,79.95,6/10/2019 8:06
A1550375,79.95,6/10/2019 8:06
A1455241,79.95,6/10/2019 8:06
A1588049,79.95,6/10/2019 8:06
A1621496,79.95,6/10/2019 8:11
A1520075,79.95,6/10/2019 8:11
A1052052,79.95,6/10/2019 8:33
A1905826,79.95,6/10/2019 9:02
A1278916,79.95,6/10/2019 9:10
A1680432,79.95,6/10/2019 9:34
A1505347,79.95,6/10/2019 9:44
A1454914,79.95,6/10/2019 9:52
A1947838,79.95,6/10/2019 10:45
A1169776,79.95,6/10/2019 10:55
A1224571,79.95,6/10/2019 11:19
A1456596,79.95,6/10/2019 11:23
A1169898,79.95,6/10/2019 12:52
A1577923,79.95,6/10/2019 13:24
A1012534,79.95,6/10/2019 13:28
A1546422,79.95,6/10/2019 13:34
A1376728,79.95,6/10/2019 14:45
A1375477,79.95,6/10/2019 15:17
A1631660,79.95,6/10/2019 16:02
A1822316,79.95,6/10/2019 17:33
A1309653,79.95,6/10/2019 18:58
A1044819,79.95,6/10/2019 19:41
A1971624,79.95,6/10/2019 20:48
A1730585,79.95,6/10/2019 22:10
A1091138,79.95,6/11/2019 5:31
A1589655,79.95,6/11/2019 6:16
A1460197,79.95,6/11/2019 7:00
,,
,,
,,
,,
,,
,,
,,
,,
,,
,,
,,
,,
,,
,,
,,
,,
,,
,,
,,
,,
,,
,,
,,
,,
,,
,,
,,
,,
,,
,,
,,
,,
,,
,,
,,
,,
,,
,,
,,
,,
,,
,,
,,
,,
,,
,,
,,
,,
,,
,,
,,
,,
,,
,,
,,
,,
,,
,,
,,
,,
,,
,,
,,
,,
,,
,,
,,
,,
,,
,,
,,
,,
,,
,,
,,
,,
,,
,,
,,
,,
,,
,,
,,
,,
,,
,,
,,
,,
,,
,,
,,
,,
,,
,,
,,
,,
,,
,,
,,
,,
,,
,,
,,
,,
,,
,,
,,
,,
,,
,,
,,
,,
,,
,,
,,
,,
,,
,,
,,
,,
,,
,,
,,
,,
,,
,,
,,
,,
,,
,,
,,
,,
,,
,,
,,
,,
,,
,,
,,
,,
,,
,,
,,
,,
,,
,,
,,
,,
,,
,,
,,
,,
,,
,,
,,
,,
,,
,,
,,
,,
,,
,,
,,
,,
,,
,,
,,
,,
,,
,,
,,
,,
,,
,,
,,
,,
,,
,,
,,
,,
,,
,,
,,
,,
,,
,,
,,
,,
,,
,,
,,
,,
,,
,,
,,
,,
,,
,,
,,
,,
,,
,,
,,
,,
,,
,,
,,
,,
,,
,,
,,
,,
,,
,,
,,
,,
,,
,,
,,
,,
,,
,,
,,
,,
,,
,,
,,
,,
,,
,,
,,
,,
,,
,,
,,
,,
,,
,,
,,
,,
,,
,,
,,
,,
,,
,,
,,
,,
,,
,,
,,
,,
,,
,,
,,
,,
,,
,,
,,
,,
,,
,,
,,
,,
,,
,,
,,
,,
,,
,,
,,
,,
,,
,,
,,
,,
,,
,,
,,
,,
,,
,,
,,
,,
,,
,,
,,
,,
,,
,,
,,
,,
,,
,,
,,
,,
,,
,,
,,
,,
,,
,,
,,
,,
,,
,,
,,
,,
,,
,,
,,
,,
,,
,,
,,
,,
,,
,,
,,
,,
,,
,,
,,
,,
,,
,,
,,
,,
,,
,,
,,
,,
,,
,,
,,
,,
,,
,,
,,
,,
,,
,,
,,
,,
,,
,,
,,
,,
,,
,,
,,
,,
,,
