id,user_id,distid,opening_balance,closing_balance,amount
43839,2,TSA8192292,974.86,874.91,99.95
43838,5,TSA0112296,356,256.05,99.95
43837,7,TSA6332298,1833.65,1733.7,99.95
44550,8,TSA2252299,16239.99,16140.04,99.95
43836,13,TSA3972304,591.63,491.68,99.95
44308,21,TSA7922314,305.14,205.19,99.95
43834,23,TSA7902316,1358.35,1258.4,99.95
43833,26,TSA6812319,498,398.05,99.95
43831,35,TSA9012336,169.85,69.9,99.95
44304,42,TSA3312346,405.2,305.25,99.95
44303,46,TSA9742350,430.7,330.75,99.95
43827,48,TSA9872353,498,398.05,99.95
44301,53,TSA0102360,1203.23,1103.28,99.95
44300,61,TSA4522370,3367.14,3267.19,99.95
44299,63,TSA0092373,2877.45,2777.5,99.95
44298,71,TSA5762382,361.05,261.1,99.95
43821,73,TSA7892386,1971.69,1871.74,99.95
44296,85,TSA3002398,158.2,58.25,99.95
44295,91,TSA8982404,1472.18,1372.23,99.95
44549,105,TSA8432420,366.35,266.4,99.95
44294,120,TSA9822436,19.4,-80.55,99.95
44293,123,TSA8202439,9430.75,9330.8,99.95
44292,130,TSA0182447,250.85,150.9,99.95
43814,132,TSA9302449,478.19,378.24,99.95
44290,146,TSA7462466,2355.45,2255.5,99.95
43812,147,TSA2082467,147.75,47.8,99.95
43811,156,TSA2442476,1397.85,1297.9,99.95
44287,159,TSA4362479,3707.79,3607.84,99.95
44286,169,TSA6282492,251.45,151.5,99.95
44285,170,TSA0332493,658.2,558.25,99.95
43807,171,TSA3292496,451.4,401.45,49.95
44283,172,TSA4832497,283.49,183.54,99.95
44282,178,TSA8992503,26.45,-73.5,99.95
43804,199,TSA9202529,310.15,210.2,99.95
43803,215,TSA8062548,160.7,60.75,99.95
44279,217,TSA8712552,0.99,-98.96,99.95
44278,232,TSA5782592,3265.35,3165.4,99.95
43800,242,TSA0002566,9200,9100.05,99.95
44276,244,TSA6022640,128381.25,128281.3,99.95
44275,246,TSA7172654,0.9,-99.05,99.95
44548,247,TSA9132656,119.6,19.65,99.95
44274,248,TSA9702657,13.15,-86.8,99.95
44273,250,TSA7342661,1267.2,1167.25,99.95
43795,255,TSA4272709,34152.6,34052.65,99.95
43794,256,TSA2142715,219.05,119.1,99.95
44270,258,TSA6892727,113.64,13.69,99.95
44269,260,TSA7932770,684.5,584.55,99.95
44268,261,TSA7682899,1413.24,1313.29,99.95
43790,264,TSA4982915,487.65,387.7,99.95
44266,265,TSA9892916,1189.9,1089.95,99.95
44265,266,TSA8032921,1795.1,1695.15,99.95
44264,267,TSA6832929,104.19,4.24,99.95
44263,268,TSA9202991,662.7,562.75,99.95
43785,269,TSA6063023,984.1,884.15,99.95
43784,275,TSA6273669,123.65,23.7,99.95
43783,281,TSA8914680,3932.7,3832.75,99.95
44259,300,TSA7894903,947.7,847.75,99.95
44258,301,TSA8784904,731.45,631.5,99.95
43780,312,TSA2354915,2812.81,2712.86,99.95
43779,317,TSA7574920,221.85,121.9,99.95
43778,318,TSA4334921,516.15,416.2,99.95
43777,321,TSA2994924,122.63,22.68,99.95
44253,323,TSA8644926,309.45,209.5,99.95
44252,361,TSA5404968,222.29,122.34,99.95
44251,368,TSA0254976,211.43,111.48,99.95
43772,372,TSA8464980,647.89,547.94,99.95
44249,382,TSA8624990,493.1,393.15,99.95
43770,384,TSA4404992,31042.24,30942.29,99.95
43768,389,TSA7924997,19509.55,19409.6,99.95
44547,396,TSA9145004,24.8,-75.15,99.95
44246,398,TSA7925006,406.95,307,99.95
44245,402,TSA4385010,2900.05,2800.1,99.95
43765,406,TSA3355014,151.65,51.7,99.95
43764,411,TSA2335019,2039.55,1939.6,99.95
44242,419,TSA1735027,4727.7,4627.75,99.95
44241,428,TSA6685036,1303.44,1203.49,99.95
43761,430,TSA2995038,303.13,203.18,99.95
43759,433,TSA6115041,136.15,36.2,99.95
43757,439,TSA5805047,525.25,425.3,99.95
43214,442,TSA0545050,426.95,327,99.95
43756,445,TSA0425053,222.5,122.55,99.95
43755,447,TSA6945055,178.35,78.4,99.95
43754,450,TSA3665058,100,0.05,99.95
44234,453,TSA1425061,366.9,266.95,99.95
44233,471,TSA8675079,180.45,80.5,99.95
43751,482,TSA2985090,1367.19,1267.24,99.95
44231,483,TSA9075091,115.95,16,99.95
44490,496,TSA5785104,123.7,23.75,99.95
44230,500,TSA6275108,20.1,-79.85,99.95
43748,502,TSA1555110,101.4,1.45,99.95
44228,513,TSA8375121,118.2,18.25,99.95
44227,514,TSA0285122,45.2,-54.75,99.95
43744,517,TSA6525125,141,41.05,99.95
43743,524,TSA8985132,610.65,510.7,99.95
44224,525,TSA8475133,119.95,20,99.95
44223,533,TSA6605141,105.93,5.98,99.95
43738,544,TSA6245152,198,98.05,99.95
44221,547,TSA2895155,266.7,166.75,99.95
43736,548,TSA1905156,160.54,60.59,99.95
44545,558,TSA4895166,126.4,26.45,99.95
43735,559,TSA5595167,265.15,165.2,99.95
44218,567,TSA8565175,436.44,336.49,99.95
43733,586,TSA7105195,52.5,2.55,49.95
43732,590,TSA6445199,2809.14,2709.19,99.95
43731,594,TSA4955203,614.39,514.44,99.95
43730,596,TSA0725205,1660,1560.05,99.95
43729,602,TSA9205212,4304.15,4204.2,99.95
44212,606,TSA7925216,1426.7,1326.75,99.95
44211,616,TSA6005227,119.95,20,99.95
44210,626,TSA5755237,3.39,-96.56,99.95
44209,627,TSA0715238,229.31,129.36,99.95
43723,628,TSA5855239,1161.03,1061.08,99.95
44207,656,TSA7575267,4123.15,4023.2,99.95
44206,659,TSA3515270,223.6,123.65,99.95
44205,662,TSA5215273,2.4,-97.55,99.95
43718,670,TSA1595281,481.35,381.4,99.95
44203,675,TSA4565287,2.95,-97,99.95
43716,682,TSA8555294,240.1,140.15,99.95
44201,684,TSA1605297,498.2,398.25,99.95
43713,690,TSA7965305,100.55,0.6,99.95
43712,692,TSA0755307,302.4,202.45,99.95
44198,694,TSA7415309,398.5,298.55,99.95
44197,701,TSA2545316,156.19,56.24,99.95
44196,722,TSA8675339,9.1,-90.85,99.95
44195,731,TSA1305348,807.81,707.86,99.95
43706,735,TSA8725352,836.4,736.45,99.95
43705,747,TSA3945364,271.85,171.9,99.95
44192,749,TSA5975366,880.95,781,99.95
43703,761,TSA0555378,120,20.05,99.95
43702,778,TSA9435401,302.15,202.2,99.95
44189,784,TSA5805408,1354.94,1254.99,99.95
44188,785,TSA6215409,65.15,-34.8,99.95
43213,807,TSA0505431,360.89,260.94,99.95
44187,829,TSA5315454,473.95,374,99.95
43698,832,TSA5125457,529.9,429.95,99.95
44185,833,TSA9565458,22.55,-77.4,99.95
43695,849,TSA6115476,253.49,153.54,99.95
44183,860,TSA4915487,1000.45,900.5,99.95
43693,894,TSA4035521,361.4,261.45,99.95
43692,898,TSA7745525,186.65,86.7,99.95
44180,901,TSA5195528,555.7,455.75,99.95
44179,916,TSA5675543,1322.7,1222.75,99.95
44178,931,TSA1835558,1470.82,1370.87,99.95
43171,936,TSA6665563,240,140.05,99.95
43687,940,TSA8985567,256.4,156.45,99.95
43686,943,TSA5485570,3253.77,3153.82,99.95
44175,988,TSA7205620,139.48,39.53,99.95
44174,995,TSA5085627,0.05,-99.9,99.95
44173,996,TSA3765628,34.35,-65.6,99.95
44172,1003,TSA5785635,126.45,26.5,99.95
43680,1014,TSA6425646,450.15,350.2,99.95
43679,1031,TSA5665663,825.39,725.44,99.95
44169,1040,TSA9265672,1040.84,940.89,99.95
43677,1043,TSA7305675,262.65,162.7,99.95
43676,1048,TSA2585680,818.7,718.75,99.95
43675,1064,TSA0165697,6757.83,6657.88,99.95
44165,1069,TSA0665702,401.95,302,99.95
43673,1082,TSA2335717,1895.65,1795.7,99.95
43671,1106,TSA9365742,56.1,6.15,49.95
44162,1114,TSA6165752,456.6,356.65,99.95
44161,1116,TSA5795754,3487.94,3387.99,99.95
44160,1119,TSA4755757,755.95,656,99.95
44159,1120,TSA1885758,259.1,159.15,99.95
44158,1133,TSA2745771,295.95,196,99.95
43665,1135,TSA0185774,766.65,666.7,99.95
44544,1137,TSA5505776,133.95,34,99.95
43664,1139,TSA1645778,762.65,662.7,99.95
43663,1142,TSA3835781,1194.35,1094.4,99.95
44154,1143,TSA7445782,19.89,-80.06,99.95
44153,1164,TSA0135804,205.1,105.15,99.95
44152,1165,TSA6705805,26.45,-73.5,99.95
43659,1166,TSA0475806,110.8,10.85,99.95
43658,1167,TSA9055807,1771.14,1671.19,99.95
44149,1172,TSA3845812,105.7,5.75,99.95
44148,1178,TSA5435818,878.18,778.23,99.95
43655,1179,TSA9585819,150.64,50.69,99.95
44146,1180,TSA5205820,1371.7,1271.75,99.95
43653,1184,TSA7905824,1092.9,992.95,99.95
43652,1185,TSA2645825,100.05,0.1,99.95
44143,1209,TSA2305850,62.95,-37,99.95
44142,1253,TSA7275898,75.6,-24.35,99.95
44141,1268,TSA2665913,764.2,664.25,99.95
44140,1271,TSA9805916,178.95,79,99.95
44139,1274,TSA4265919,41.2,-58.75,99.95
43645,1293,TSA6555939,152.65,52.7,99.95
43168,1307,TSA2815956,3033.9,2933.95,99.95
43643,1316,TSA9015965,5648.95,5549,99.95
44136,1325,TSA6485974,33.95,-66,99.95
43641,1352,TSA4076002,1627.03,1527.08,99.95
44134,1355,TSA7806005,806.28,706.33,99.95
44133,1356,TSA0066006,518.1,418.15,99.95
44132,1361,TSA5636011,1581.7,1481.75,99.95
44131,1365,TSA7306015,150.85,50.9,99.95
43636,1369,TSA1386019,105.04,5.09,99.95
43635,1383,TSA5486033,346.65,246.7,99.95
43634,1387,TSA2516037,466.9,366.95,99.95
44127,1388,TSA9196038,1032.7,932.75,99.95
43632,1419,TSA4596069,178.9,78.95,99.95
44125,1436,TSA3836086,1499.29,1399.34,99.95
44124,1442,TSA4356092,520.94,420.99,99.95
44123,1443,TSA9386093,411.43,311.48,99.95
43627,1450,TSA1566100,126.9,26.95,99.95
44121,1484,TSA6436134,7.65,-92.3,99.95
44120,1535,TSA2126185,417.7,317.75,99.95
43623,1557,TSA7996207,778.14,678.19,99.95
44118,1570,TSA7706220,129.95,30,99.95
43621,1577,TSA0216227,147.65,47.7,99.95
43620,1579,TSA2136229,901.79,801.84,99.95
43619,1602,TSA0546252,106.39,6.44,99.95
43618,1604,TSA9646254,218.65,118.7,99.95
43617,1608,TSA2086258,57.85,7.9,49.95
43616,1611,TSA1006261,538,438.05,99.95
43615,1614,TSA1256265,439.38,339.43,99.95
44110,1617,TSA6146268,635.45,535.5,99.95
43613,1637,TSA6966288,1067.65,967.7,99.95
44108,1645,TSA0626296,13.5,-86.45,99.95
43611,1651,TSA0926302,104.2,4.25,99.95
44106,1665,TSA1306316,210.7,110.75,99.95
43609,1674,TSA6936325,128.3,28.35,99.95
43608,1676,TSA7426327,138.34,38.39,99.95
44103,1686,TSA8546337,644.25,544.3,99.95
43606,1695,TSA5636346,1397.6,1297.65,99.95
43605,1703,TSA0486354,1004.15,904.2,99.95
44487,1704,TSA3576355,555.45,455.5,99.95
43604,1708,TSA8936359,126.4,26.45,99.95
43603,1722,TSA6866373,675.65,575.7,99.95
44098,1738,TSA9616389,0.47,-99.48,99.95
43600,1765,TSA6486416,186.65,86.7,99.95
44096,1767,TSA4016418,734.2,634.25,99.95
43598,1770,TSA9626421,105.15,5.2,99.95
44094,1775,TSA7466426,96.2,-3.75,99.95
43596,1779,TSA5856430,3142.96,3043.01,99.95
43595,1783,TSA5576434,103.35,3.4,99.95
43594,1815,TSA8146466,229.85,129.9,99.95
43593,1837,TSA1996488,374.74,274.79,99.95
43592,1848,TSA6786499,4079.6,3979.65,99.95
43591,1850,TSA4576501,721.4,621.45,99.95
43590,1880,TSA8366531,5183.73,5083.78,99.95
43589,1884,TSA3156536,310.51,210.56,99.95
44085,1889,TSA4026541,931.35,831.4,99.95
43586,1921,TSA6616573,201.3,101.35,99.95
44083,1922,TSA5426574,469.75,369.8,99.95
44082,1928,TSA3346580,253.7,153.75,99.95
43583,1951,TSA4846603,207.6,107.65,99.95
44080,1997,TSA1766649,207.75,107.8,99.95
44079,2003,TSA6476655,874.73,774.78,99.95
44078,2010,TSA8176662,93.11,-6.84,99.95
43578,2045,TSA6696697,142.84,42.89,99.95
43577,2077,TSA7196729,1262.85,1162.9,99.95
43576,2086,TSA7996738,299.9,199.95,99.95
43575,2122,TSA9206774,1027.39,927.44,99.95
43574,2164,TSA9246816,126.25,26.3,99.95
43573,2171,TSA2886823,287.15,187.2,99.95
43572,2172,TSA8086824,375.65,275.7,99.95
44070,2175,TSA7666827,2444.19,2344.24,99.95
44486,2193,TSA9096845,355.85,255.9,99.95
44069,2212,TSA2566864,107.65,7.7,99.95
44068,2257,TSA9176909,136.44,36.49,99.95
43568,2264,TSA3586916,217.65,117.7,99.95
44066,2280,TSA3846932,278.95,179,99.95
44065,2321,TSA8246973,600.75,500.8,99.95
43565,2397,TSA3857049,668.65,568.7,99.95
44063,2412,TSA2037064,492.7,392.75,99.95
44541,2420,TSA4017072,1.1,-98.85,99.95
43563,2428,TSA4677080,886.4,786.45,99.95
44061,2430,TSA5607082,256.15,156.2,99.95
43560,2477,TSA4042477,474.94,374.99,99.95
44059,2491,TSA9862491,52.7,-47.25,99.95
43558,2500,TSA4872500,396.39,296.44,99.95
44057,2502,TSA6932502,472.04,372.09,99.95
43556,2503,TSA6072503,375.15,275.2,99.95
43555,2507,TSA0762507,227.65,127.7,99.95
44054,2519,TSA8152519,266.3,166.35,99.95
43553,2525,TSA7142525,950.4,850.45,99.95
43552,2534,TSA9902534,211.15,111.2,99.95
43551,2539,TSA8542539,165.13,65.18,99.95
43550,2551,TSA3602635,527.26,427.31,99.95
44049,2552,TSA9792552,19279.29,19179.34,99.95
43548,2556,TSA4652556,103.4,3.45,99.95
44047,2559,TSA0152559,281.44,181.49,99.95
43546,2647,TSA4432647,360.15,260.2,99.95
44045,2650,TSA9842650,1011.54,911.59,99.95
43544,2686,TSA5192686,717.65,617.7,99.95
43210,2788,TSA5440995,2712.7,2612.75,99.95
43541,2799,TSA7402799,1170.89,1070.94,99.95
44042,2801,TSA1072801,10.19,-89.76,99.95
43539,2805,TSA4432805,126.4,26.45,99.95
43538,2806,TSA2002806,103.4,3.45,99.95
43537,2816,TSA1032816,215.1,115.15,99.95
43536,2821,TSA4642821,115.15,15.2,99.95
44037,2824,TSA1502824,40.68,-59.27,99.95
43534,2829,TSA8442829,289.45,189.5,99.95
43533,2849,TSA7662849,520.4,420.45,99.95
44034,2850,TSA3022850,88.93,-11.02,99.95
44033,2877,TSA2082877,51.45,-48.5,99.95
43529,2885,TSA2072885,1510.15,1410.2,99.95
43209,2890,TSA8992890,27.6,-72.35,99.95
44031,2891,TSA8932891,126.5,26.55,99.95
43527,2905,TSA2892905,261.64,161.69,99.95
44029,2948,TSA4142948,137.6,37.65,99.95
43524,2958,TSA1752958,366.3,266.35,99.95
44027,2962,TSA8612962,52.7,-47.25,99.95
43522,2964,TSA4592964,310.05,210.1,99.95
44025,2969,TSA9402969,40.95,-59,99.95
43519,2987,TSA3442987,349.65,249.7,99.95
44023,3027,TSA7083027,10.88,-89.07,99.95
43164,3035,TSA0363035,287.94,187.99,99.95
43516,3054,TSA1270135,139.14,39.19,99.95
43515,3062,TSA6013062,265.65,165.7,99.95
43163,3064,TSA9713064,286.65,186.7,99.95
44020,3088,TSA2473088,1374.89,1274.94,99.95
44019,3089,TSA0003089,470.45,370.5,99.95
44018,3095,TSA5243095,1118.9,1018.95,99.95
43511,3096,TSA1193096,278.9,178.95,99.95
43510,3105,TSA5773105,106.35,6.4,99.95
44015,3116,TSA7423116,41.43,-58.52,99.95
44014,3145,TSA0953145,278.25,178.3,99.95
43507,3150,TSA7283150,379.24,279.29,99.95
43505,3174,TSA2713174,180.05,80.1,99.95
43504,3188,TSA8053188,642.55,542.6,99.95
44010,3205,TSA6213205,3.55,-96.4,99.95
43502,3206,TSA3013206,4978.4,4878.45,99.95
43501,3223,TSA0943223,135.4,85.45,49.95
43500,3224,TSA5133224,160,60.05,99.95
43499,3228,TSA2483228,916.68,816.73,99.95
44005,3231,TSA2683231,12.34,-87.61,99.95
44004,3239,TSA2533239,753.95,654,99.95
43496,3241,TSA3433241,333.05,233.1,99.95
43495,3243,TSA9048071,588.9,488.95,99.95
44001,3255,TSA4333255,95.05,-4.9,99.95
43493,3257,TSA9032518,151.4,51.45,99.95
43491,3277,TSA2513277,151.4,51.45,99.95
43490,3283,TSA5483283,284.4,184.45,99.95
43997,3339,TSA4933339,76.15,-23.8,99.95
43996,3371,A1431371,10.05,-69.9,79.95
44483,3372,A1574381,90,10.05,79.95
43485,3586,A1868490,110.05,30.1,79.95
43206,3655,A1342718,72.05,-27.9,99.95
43050,3728,A1140981,623.35,523.4,99.95
43205,4383,A1619843,281.9,181.95,99.95
44482,4884,A1927312,1200,1100.05,99.95
44481,4885,A1798421,598.55,518.6,79.95
44537,4886,A1017087,1597.48,1497.53,99.95
44479,4889,A1086019,1668.55,1568.6,99.95
44535,4890,A1759786,1733.99,1634.04,99.95
44534,4891,A1519231,68.05,-31.9,99.95
44533,4892,A1344108,124,24.05,99.95
44475,4894,A1642773,1167.7,1067.75,99.95
44531,4895,A1220558,254.2,154.25,99.95
44530,4896,A1237112,1379.7,1279.75,99.95
43204,5072,A1732311,624.9,524.95,99.95
43484,5074,A1802907,231.45,131.5,99.95
43483,5077,A1800207,208.05,108.1,99.95
44529,5078,A1028356,591.1,491.15,99.95
44471,5115,A1671775,231.5,131.55,99.95
43203,5192,A1314489,36.1,-63.85,99.95
43482,5195,A1434255,130.05,30.1,99.95
44470,5199,A1984308,220.05,140.1,79.95
44526,5200,A1626195,186.7,106.75,79.95
44468,5230,A1936210,122,22.05,99.95
44524,5298,A1236242,199.6,99.65,99.95
43202,5380,A1453639,192.45,112.5,79.95
44466,5725,A1934076,1683.8,1583.85,99.95
43201,6981,A1224068,264.45,164.5,99.95
43481,6982,A1178077,1323.94,1223.99,99.95
43480,6983,A1252758,1302.65,1202.7,99.95
43479,6984,A1262217,604.99,505.04,99.95
43988,6985,A1694142,498.05,398.1,99.95
43477,6987,A1753257,462.25,362.3,99.95
43047,7109,A1008965,2176.55,2096.6,79.95
43023,7132,A1489614,267.67,167.72,99.95
43045,7134,A1129483,28.1,-51.85,79.95
43021,7229,A1225652,230.05,130.1,99.95
43200,7327,A1116155,246.9,146.95,99.95
43043,7362,A1274864,25.1,-74.85,99.95
44522,7854,A1334400,310.1,210.15,99.95
43199,8796,A1991107,97.55,-2.4,99.95
43198,9152,A1873891,995.39,895.44,99.95
43197,9153,A1792004,9,-90.95,99.95
43042,9314,A1210002,54.8,-45.15,99.95
43152,9373,A1032575,341.05,261.1,79.95
43041,9548,A1360333,946.85,846.9,99.95
43016,9595,A1657644,140.05,40.1,99.95
43151,9660,A1488932,232.05,132.1,99.95
43475,9793,A1367869,177.05,77.1,99.95
43985,9871,A1725430,297.4,217.45,79.95
43984,9872,A1972736,1211.6,1111.65,99.95
44521,9879,A1739475,208.05,128.1,79.95
44463,9880,A1220729,682.35,582.4,99.95
44462,9882,A1334941,132,32.05,99.95
44518,9928,A1990484,163.85,63.9,99.95
43983,10321,A1146946,128.1,28.15,99.95
44517,10796,A1261634,176.1,76.15,99.95
43470,11306,A1731917,360.05,260.1,99.95
43012,11356,A1664256,118.8,18.85,99.95
43194,11373,A1110554,68.85,-31.1,99.95
43981,11378,A1407191,298.1,198.15,99.95
44516,11426,A1607395,1010.1,910.15,99.95
44515,11429,A1818654,18.85,-81.1,99.95
43980,11733,A1620631,63.87,-36.08,99.95
44514,12125,A1142231,1304.95,1205,99.95
43038,12153,A1082902,10.09,-89.86,99.95
43193,12163,A1688576,40.1,-39.85,79.95
43192,12167,A1330613,452.35,352.4,99.95
43147,12188,A1013360,136,36.05,99.95
43190,12703,A1325999,122.1,22.15,99.95
43010,12943,A1114173,728.25,628.3,99.95
43463,13116,A1917704,2141.43,2061.48,79.95
44451,13926,A1645592,115,15.05,99.95
44450,13990,A1470341,109.5,9.55,99.95
43460,14032,TSA7914032,671.4,571.45,99.95
43977,14053,TSA7814053,665.65,565.7,99.95
43143,14054,TSA0314054,252.65,152.7,99.95
43976,14059,TSA9914059,1286.4,1186.45,99.95
43456,14061,TSA8914061,438.4,338.45,99.95
43455,14066,TSA0014066,248.65,148.7,99.95
43454,14087,TSA5714087,360.15,260.2,99.95
43453,14113,TSA5914113,240.14,140.19,99.95
43449,14174,TSA9414174,145.04,45.09,99.95
43448,14191,TSA1414191,1442.89,1342.94,99.95
43447,14192,TSA9914192,613.9,513.95,99.95
43968,14201,TSA0414201,237.68,137.73,99.95
43967,14227,TSA6314227,27.65,-72.3,99.95
43444,14239,TSA0314239,798.9,698.95,99.95
43443,14244,TSA0814244,201.3,101.35,99.95
43964,14278,TSA9014278,100.05,0.1,99.95
43441,14318,TSA2614318,850.05,750.1,99.95
43440,14339,TSA0377330,387.29,287.34,99.95
43961,14360,TSA1514360,502.6,402.65,99.95
43437,14387,TSA6014387,118.6,18.65,99.95
43959,14428,TSA1014428,196.45,96.5,99.95
43433,14559,TSA7014559,1095.06,995.11,99.95
43141,14566,TSA9814566,1520,1420.05,99.95
43957,14567,TSA2314567,4163.13,4063.18,99.95
43431,14577,TSA2414577,68.9,18.95,49.95
43430,14586,TSA6214586,433.9,333.95,99.95
43954,14632,TSA3114632,370.95,271,99.95
43953,14636,TSA2014636,52.7,-47.25,99.95
43427,14637,TSA1814637,137.4,37.45,99.95
43951,14645,TSA9714645,18.45,-81.5,99.95
43425,14664,TSA2714664,277.64,177.69,99.95
43424,14680,TSA9714680,231.4,131.45,99.95
43423,14684,TSA2614684,378.1,278.15,99.95
43422,14717,TSA6014717,100.15,0.2,99.95
43421,14727,TSA5514727,1130.15,1030.2,99.95
43420,14745,TSA9814745,284.64,184.69,99.95
43944,14883,TSA1214883,217.95,118,99.95
43418,14888,TSA5114888,1614.05,1514.1,99.95
43417,14890,TSA1314890,145.6,45.65,99.95
43941,14895,TSA5814895,57.65,-42.3,99.95
43415,14911,TSA0214911,193.85,93.9,99.95
43939,14939,TSA5114939,7.65,-92.3,99.95
43413,14955,TSA3114955,215.1,115.15,99.95
43937,14974,TSA5714974,15.95,-84,99.95
43410,15020,TSA1015020,126.4,26.45,99.95
43408,15061,TSA2415061,248.9,148.95,99.95
43187,15132,TSA3315132,245.95,146,99.95
43934,15210,TSA2615210,365.05,265.1,99.95
43405,15211,TSA3415211,209.92,109.97,99.95
43403,15254,TSA2515254,286.4,186.45,99.95
43402,15263,TSA8615263,3688.35,3588.4,99.95
43401,15290,TSA6815290,507.15,407.2,99.95
43400,15303,TSA7415303,211.95,112,99.95
43928,15308,TSA0215308,2147.55,2047.6,99.95
43927,15312,TSA8015312,101.44,1.49,99.95
43397,15317,TSA1615317,129.1,29.15,99.95
43396,15353,TSA1215353,226.4,126.45,99.95
43395,15422,TSA2115422,341.4,241.45,99.95
43394,15441,TSA6015441,1248.55,1148.6,99.95
43922,15466,TSA9615466,31.18,-68.77,99.95
43921,15527,TSA7915527,52.44,-47.51,99.95
43391,15531,TSA1515531,133.9,33.95,99.95
43389,15564,TSA9515564,324.9,224.95,99.95
43918,15570,TSA6115570,1425.69,1325.74,99.95
43387,15584,TSA5115584,271.8,171.85,99.95
43916,15630,TSA5515630,406.2,306.25,99.95
43915,15644,TSA5615644,798.7,698.75,99.95
43914,15690,TSA1215690,215.2,115.25,99.95
43383,15721,TSA9415721,318.9,218.95,99.95
43382,15727,TSA9815727,363,263.05,99.95
43911,15743,TSA6415743,27.6,-72.35,99.95
43380,15763,TSA5615763,776.85,676.9,99.95
43909,15767,TSA3815767,166.35,66.4,99.95
43378,15777,TSA5715777,410.1,310.15,99.95
43907,15783,TSA9915783,33.95,-66,99.95
43376,15791,TSA9515791,221.15,121.2,99.95
43139,15808,TSA1715808,100,0.05,99.95
43138,15813,TSA9615813,860.69,760.74,99.95
43905,15815,TSA5415815,18.45,-81.5,99.95
43904,15844,TSA5815844,160.45,60.5,99.95
43372,15849,TSA8515849,229.89,129.94,99.95
43902,15909,TSA8415909,2119.4,2019.45,99.95
43901,15916,TSA1515916,5.14,-94.81,99.95
43900,15928,TSA2815928,412.42,312.47,99.95
43899,15938,TSA8415938,137.9,37.95,99.95
43366,15967,TSA2415967,241.2,141.25,99.95
43897,16030,TSA0616030,2.55,-97.4,99.95
43364,16052,TSA6816052,116.3,16.35,99.95
43895,16102,TSA2516102,37.7,-62.25,99.95
43361,16112,TSA6316112,532.35,432.4,99.95
43893,16153,TSA0916153,323.2,223.25,99.95
43184,16202,TSA1716202,364.64,264.69,99.95
43356,16210,TSA4016210,208.8,108.85,99.95
43891,16260,TSA2416260,1.44,-98.51,99.95
43354,16281,TSA4716281,106.85,6.9,99.95
43353,16297,TSA2716297,307.62,207.67,99.95
43352,16298,TSA8716298,1154.6,1054.65,99.95
43351,16318,TSA7516318,603.9,503.95,99.95
43886,16319,TSA1016319,321.45,221.5,99.95
43349,16334,TSA4516334,376.33,276.38,99.95
43136,16342,TSA1516342,107.55,7.6,99.95
43348,16346,TSA0516346,265.1,165.15,99.95
43346,16416,TSA3016416,200.05,100.1,99.95
43345,16429,TSA3016429,340.4,240.45,99.95
43344,16433,TSA1716433,1410.94,1310.99,99.95
43343,16456,TSA9916456,360,260.05,99.95
43341,16483,TSA7916483,101.1,1.15,99.95
43878,16497,TSA2016497,52.7,-47.25,99.95
43339,16507,TSA1716507,124.9,24.95,99.95
43876,16510,TSA6316510,686.45,586.5,99.95
43875,16511,TSA4016511,215.1,115.15,99.95
43336,16522,TSA2116522,160.34,60.39,99.95
43873,16544,TSA0916544,238.1,138.15,99.95
43334,16551,TSA4516551,307.6,207.65,99.95
43333,16571,TSA7216571,359.65,259.7,99.95
43332,16593,TSA9816593,56.84,6.89,49.95
43331,16629,TSA9416629,186.3,86.35,99.95
43330,16646,TSA2716646,100.15,0.2,99.95
43329,16671,TSA4316671,200.05,100.1,99.95
43328,16690,TSA9416690,152.65,52.7,99.95
43327,16699,TSA7716699,160.85,60.9,99.95
43326,16755,TSA4416755,222.3,122.35,99.95
43325,16758,TSA9516758,100,0.05,99.95
43324,16810,TSA8816810,574.9,474.95,99.95
43861,16834,TSA0416834,1093.7,993.75,99.95
43860,16886,TSA3316886,326.95,227,99.95
43321,16925,TSA6116925,580.05,480.1,99.95
43858,16954,TSA2116954,133.95,34,99.95
43857,16994,TSA1516994,1219.95,1120,99.95
43036,17156,TSA2917156,118.85,68.9,49.95
43317,17185,TSA9017185,133.9,33.95,99.95
43182,17207,TSA9017207,0.1,-49.85,49.95
43316,17249,TSA2817249,587.4,487.45,99.95
43134,17255,TSA8217255,118.8,18.85,99.95
43854,17268,TSA2817268,119.45,19.5,99.95
43853,17317,TSA4217317,52.95,-47,99.95
43852,17356,TSA2117356,300.05,200.1,99.95
43851,17362,TSA1017362,428.95,329,99.95
43180,17374,TSA0717374,100.1,50.15,49.95
43179,17384,TSA3817384,40.1,-9.85,49.95
44445,17391,TSA9617391,980.55,880.6,99.95
43850,17407,TSA2017407,0.95,-99,99.95
43310,17414,TSA2317414,598.15,498.2,99.95
43848,17420,TSA8517420,471.9,371.95,99.95
43308,17423,TSA4117423,184.65,84.7,99.95
43846,17424,TSA8361293,1.43,-98.52,99.95
43306,17488,TSA8017488,1063.4,963.45,99.95
43305,17500,TSA6517500,1436.45,1336.5,99.95
43304,17503,TSA9517503,663.4,563.45,99.95
43842,17523,TSA1617523,448,348.05,99.95
43841,17534,TSA8017534,139.95,40,99.95
43840,17542,TSA2617542,89.55,-10.4,99.95
43769,17613,TSA6617613,442.95,343,99.95
43760,17624,TSA4117624,290.7,190.75,99.95
43298,17625,TSA8117625,376.9,276.95,99.95
43297,17631,TSA1117631,202.15,102.2,99.95
43296,17647,TSA2517647,127.65,27.7,99.95
43295,17657,TSA4117657,102.65,2.7,99.95
44441,17737,TSA8717737,200.05,100.1,99.95
44439,17769,TSA1217769,133.9,33.95,99.95
44438,17781,TSA5117781,332.65,232.7,99.95
44436,17830,TSA3217830,146.1,46.15,99.95
43294,20154,TSA8620154,139.05,39.1,99.95
44434,20454,TSA8220454,146,46.05,99.95
43626,21275,TSA7121275,0.05,-49.9,49.95
43130,21960,TSA5921960,205.15,155.2,49.95
44433,22030,TSA2422030,100,0.05,99.95
44432,22044,TSA7522044,50.05,0.1,49.95
43035,22099,TSA8222099,387.7,287.75,99.95
43034,22339,TSA8422339,0.05,-49.9,49.95
43033,22486,TSA5722486,15.25,-84.7,99.95
43032,22489,TSA2322489,580.2,480.25,99.95
43001,22557,TSA5322557,130,30.05,99.95
43177,22577,TSA9222577,125.1,25.15,99.95
43128,22589,TSA3922589,247.6,147.65,99.95
43175,22607,TSA5322607,11.1,-88.85,99.95
44503,22617,TSA6622617,100.6,0.65,99.95
43476,22651,TSA5022651,285.15,185.2,99.95
44502,22681,TSA2422681,480.1,380.15,99.95
43471,22687,TSA3822687,235.2,135.25,99.95
43467,22741,TSA9022741,100.05,0.1,99.95
44428,22777,TSA7022777,251.1,151.15,99.95
44427,22800,TSA9922800,200.05,100.1,99.95
44499,22806,TSA6022806,140.05,40.1,99.95
44424,22846,TSA1422846,937.6,837.65,99.95
44497,22861,TSA5622861,100.1,0.15,99.95
44496,22865,TSA6322865,1605.15,1505.2,99.95
43287,23837,TSA6923837,100,0.05,99.95
43169,23903,TSA1123903,40.05,-59.9,99.95
42999,27449,TSA9327449,100.05,0.1,99.95
42998,27451,TSA3727451,360.05,260.1,99.95
42997,27460,TSA4227460,80,30.05,49.95
42996,27461,TSA2627461,710,610.05,99.95
42995,27463,TSA3327463,1460.05,1360.1,99.95
43145,27573,TSA4827573,423.1,323.15,99.95
43144,27576,TSA3727576,120.05,20.1,99.95
43133,27643,TSA8927643,295.1,195.15,99.95
43360,27674,TSA4927674,220.1,120.15,99.95
43359,27677,TSA9627677,460.05,360.1,99.95
43347,27698,TSA7327698,140.05,40.1,99.95
43283,27762,TSA1827762,180,80.05,99.95
44455,27809,TSA0527809,1150.1,1050.15,99.95
44419,27833,TSA1127833,185.05,85.1,99.95
44452,27835,TSA6227835,438.1,338.15,99.95
44449,27847,TSA3427847,80.05,-19.9,99.95
44448,27861,TSA4927861,400.1,300.15,99.95
44415,27862,TSA5427862,240.05,140.1,99.95
44446,27865,TSA4327865,608.05,508.1,99.95
44444,27882,TSA3027882,200.1,100.15,99.95
44443,27885,TSA7027885,40.05,-59.9,99.95
44410,27889,TSA7427889,320,220.05,99.95
44409,27899,TSA6127899,100.05,0.1,99.95
43015,28632,TSA9928632,30.05,-69.9,99.95
44408,30203,TSA9830203,192,142.05,49.95
43014,30480,TSA5330480,140.05,40.1,99.95
43291,31106,TSA8431106,0.05,-99.9,99.95
42992,31280,TSA7931280,160,60.05,99.95
43005,31300,TSA9931300,160.05,60.1,99.95
42990,31307,TSA4231307,100,0.05,99.95
43000,31324,TSA9431324,60.05,-39.9,99.95
43125,31421,TSA5931421,40.05,-59.9,99.95
43120,31467,TSA1431467,0.05,-99.9,99.95
43119,31482,TSA5231482,148.05,48.1,99.95
43112,31485,TSA1231485,1680,1580.05,99.95
43117,31498,TSA5231498,500.05,400.1,99.95
43116,31523,TSA9031523,30.05,-19.9,49.95
43281,31637,TSA2131637,465.05,365.1,99.95
43280,31638,TSA5931638,0.05,-99.9,99.95
43275,31644,TSA6931644,260,160.05,99.95
43278,31673,TSA8631673,200.05,100.1,99.95
43273,31728,TSA0431728,30.05,-19.9,49.95
44407,31776,TSA7831776,0.05,-99.9,99.95
