"transaction_id","userid","distid","order_id","order_item_id","created_dt"
"44312","2","TSA8192292","75576","85635","22.7.2019 03:26:23"
"44311","5","TSA0112296","75575","85634","22.7.2019 03:26:23"
"44310","7","TSA6332298","75574","85633","22.7.2019 03:26:23"
"44495","8","TSA2252299","75942","86076","23.7.2019 02:05:29"
"44309","13","TSA3972304","75573","85632","22.7.2019 03:26:23"
"43835","21","TSA7922314","74146","84204","22.7.2019 02:12:24"
"44307","23","TSA7902316","75570","85629","22.7.2019 03:26:21"
"44306","26","TSA6812319","75569","85628","22.7.2019 03:26:21"
"44305","35","TSA9012336","75566","85625","22.7.2019 03:26:17"
"43830","42","TSA3312346","74140","84198","22.7.2019 02:12:23"
"43829","46","TSA9742350","74139","84197","22.7.2019 02:12:23"
"44302","48","TSA9872353","75561","85620","22.7.2019 03:26:13"
"43826","53","TSA0102360","74136","84194","22.7.2019 02:12:22"
"43825","61","TSA4522370","74135","84193","22.7.2019 02:12:22"
"43823","63","TSA0092373","74133","84191","22.7.2019 02:12:21"
"43822","71","TSA5762382","74131","84189","22.7.2019 02:12:21"
"44297","73","TSA7892386","75552","85611","22.7.2019 03:26:05"
"43820","85","TSA3002398","74129","84187","22.7.2019 02:12:20"
"43819","91","TSA8982404","74128","84186","22.7.2019 02:12:20"
"44494","105","TSA8432420","75941","86075","23.7.2019 02:05:29"
"43817","120","TSA9822436","74124","84182","22.7.2019 02:12:18"
"43816","123","TSA8202439","74123","84181","22.7.2019 02:12:18"
"43815","130","TSA0182447","74122","84180","22.7.2019 02:12:17"
"44291","132","TSA9302449","75538","85597","22.7.2019 03:25:41"
"43813","146","TSA7462466","74119","84177","22.7.2019 02:12:16"
"44289","147","TSA2082467","75533","85592","22.7.2019 03:25:35"
"44288","156","TSA2442476","75530","85589","22.7.2019 03:25:29"
"43810","159","TSA4362479","74116","84174","22.7.2019 02:12:14"
"43809","169","TSA6282492","74115","84173","22.7.2019 02:12:14"
"43808","170","TSA0332493","74114","84172","22.7.2019 02:12:14"
"44284","171","TSA3292496","75523","85582","22.7.2019 03:25:25"
"43806","172","TSA4832497","74112","84170","22.7.2019 02:12:14"
"43805","178","TSA8992503","74110","84168","22.7.2019 02:12:13"
"44281","199","TSA9202529","75519","85578","22.7.2019 03:25:23"
"44280","215","TSA8062548","75518","85577","22.7.2019 03:25:23"
"43802","217","TSA8712552","74107","84165","22.7.2019 02:12:13"
"43801","232","TSA5782592","74106","84164","22.7.2019 02:12:12"
"44277","242","TSA0002566","75514","85573","22.7.2019 03:25:20"
"43799","244","TSA6022640","74104","84162","22.7.2019 02:12:12"
"43798","246","TSA7172654","74103","84161","22.7.2019 02:12:12"
"44493","247","TSA9132656","75940","86074","23.7.2019 02:05:28"
"43797","248","TSA9702657","74102","84160","22.7.2019 02:12:12"
"43796","250","TSA7342661","74101","84159","22.7.2019 02:12:12"
"44272","255","TSA4272709","75509","85568","22.7.2019 03:25:19"
"44271","256","TSA2142715","75508","85567","22.7.2019 03:25:19"
"43793","258","TSA6892727","74098","84156","22.7.2019 02:12:11"
"43792","260","TSA7932770","74097","84155","22.7.2019 02:12:11"
"43791","261","TSA7682899","74096","84154","22.7.2019 02:12:11"
"44267","264","TSA4982915","75503","85562","22.7.2019 03:25:17"
"43789","265","TSA9892916","74094","84152","22.7.2019 02:12:11"
"43788","266","TSA8032921","74093","84151","22.7.2019 02:12:11"
"43787","267","TSA6832929","74092","84150","22.7.2019 02:12:11"
"43786","268","TSA9202991","74091","84149","22.7.2019 02:12:11"
"44262","269","TSA6063023","75498","85557","22.7.2019 03:25:17"
"44261","275","TSA6273669","75496","85555","22.7.2019 03:25:15"
"44260","281","TSA8914680","75493","85552","22.7.2019 03:25:11"
"43782","300","TSA7894903","74087","84145","22.7.2019 02:12:10"
"43781","301","TSA8784904","74086","84144","22.7.2019 02:12:10"
"44257","312","TSA2354915","75489","85548","22.7.2019 03:25:08"
"44256","317","TSA7574920","75487","85546","22.7.2019 03:25:06"
"44255","318","TSA4334921","75486","85545","22.7.2019 03:25:06"
"44254","321","TSA2994924","75485","85544","22.7.2019 03:25:06"
"43776","323","TSA8644926","74080","84138","22.7.2019 02:12:09"
"43774","361","TSA5404968","74077","84135","22.7.2019 02:12:07"
"43773","368","TSA0254976","74076","84134","22.7.2019 02:12:07"
"44250","372","TSA8464980","75475","85534","22.7.2019 03:24:53"
"43771","382","TSA8624990","74074","84132","22.7.2019 02:12:06"
"44248","384","TSA4404992","75471","85530","22.7.2019 03:24:48"
"44247","389","TSA7924997","75469","85528","22.7.2019 03:24:47"
"44491","396","TSA9145004","75937","86071","23.7.2019 02:05:27"
"43767","398","TSA7925006","74069","84127","22.7.2019 02:12:05"
"43766","402","TSA4385010","74068","84126","22.7.2019 02:12:04"
"44244","406","TSA3355014","75465","85524","22.7.2019 03:24:42"
"44243","411","TSA2335019","75464","85523","22.7.2019 03:24:40"
"43763","419","TSA1735027","74064","84122","22.7.2019 02:12:03"
"43762","428","TSA6685036","74063","84121","22.7.2019 02:12:02"
"44240","430","TSA2995038","75460","85519","22.7.2019 03:24:34"
"44239","433","TSA6115041","75459","85518","22.7.2019 03:24:34"
"44238","439","TSA5805047","75457","85516","22.7.2019 03:24:33"
"43174","442","TSA0545050","72947","82938","21.7.2019 02:07:09"
"44237","445","TSA0425053","75456","85515","22.7.2019 03:24:33"
"44236","447","TSA6945055","75455","85514","22.7.2019 03:24:33"
"44235","450","TSA3665058","75454","85513","22.7.2019 03:24:33"
"43753","453","TSA1425061","74053","84111","22.7.2019 02:12:02"
"43752","471","TSA8675079","74052","84110","22.7.2019 02:12:01"
"44232","482","TSA2985090","75451","85510","22.7.2019 03:24:29"
"43750","483","TSA9075091","74050","84108","22.7.2019 02:12:01"
"44546","496","TSA5785104","76204","86339","23.7.2019 02:32:17"
"43749","500","TSA6275108","74049","84107","22.7.2019 02:12:01"
"44229","502","TSA1555110","75448","85507","22.7.2019 03:24:29"
"43746","513","TSA8375121","74045","84103","22.7.2019 02:12:00"
"43745","514","TSA0285122","74044","84102","22.7.2019 02:11:59"
"44226","517","TSA6525125","75443","85502","22.7.2019 03:24:23"
"44225","524","TSA8985132","75442","85501","22.7.2019 03:24:23"
"43742","525","TSA8475133","74041","84099","22.7.2019 02:11:59"
"43739","533","TSA6605141","74037","84095","22.7.2019 02:11:58"
"44222","544","TSA6245152","75437","85496","22.7.2019 03:24:17"
"43737","547","TSA2895155","74035","84093","22.7.2019 02:11:58"
"44220","548","TSA1905156","75435","85494","22.7.2019 03:24:17"
"44489","558","TSA4895166","75935","86069","23.7.2019 02:05:26"
"44219","559","TSA5595167","75432","85491","22.7.2019 03:24:14"
"43734","567","TSA8565175","74032","84090","22.7.2019 02:11:57"
"44217","586","TSA7105195","75428","85487","22.7.2019 03:24:10"
"44216","590","TSA6445199","75426","85485","22.7.2019 03:24:09"
"44215","594","TSA4955203","75425","85484","22.7.2019 03:24:09"
"44214","596","TSA0725205","75424","85483","22.7.2019 03:24:09"
"44213","602","TSA9205212","75423","85482","22.7.2019 03:24:08"
"43728","606","TSA7925216","74026","84084","22.7.2019 02:11:56"
"43726","616","TSA6005227","74023","84081","22.7.2019 02:11:54"
"43725","626","TSA5755237","74022","84080","22.7.2019 02:11:54"
"43724","627","TSA0715238","74021","84079","22.7.2019 02:11:54"
"44208","628","TSA5855239","75414","85473","22.7.2019 03:23:58"
"43722","656","TSA7575267","74019","84077","22.7.2019 02:11:53"
"43721","659","TSA3515270","74018","84076","22.7.2019 02:11:53"
"43720","662","TSA5215273","74017","84075","22.7.2019 02:11:53"
"44204","670","TSA1595281","75406","85465","22.7.2019 03:23:50"
"43717","675","TSA4565287","74014","84072","22.7.2019 02:11:52"
"44202","682","TSA8555294","75404","85463","22.7.2019 03:23:48"
"43715","684","TSA1605297","74012","84070","22.7.2019 02:11:52"
"44200","690","TSA7965305","75400","85459","22.7.2019 03:23:45"
"44199","692","TSA0755307","75399","85458","22.7.2019 03:23:45"
"43711","694","TSA7415309","74008","84066","22.7.2019 02:11:51"
"43710","701","TSA2545316","74007","84065","22.7.2019 02:11:51"
"43709","722","TSA8675339","74006","84064","22.7.2019 02:11:50"
"43707","731","TSA1305348","74003","84061","22.7.2019 02:11:50"
"44194","735","TSA8725352","75391","85450","22.7.2019 03:23:33"
"44193","747","TSA3945364","75388","85447","22.7.2019 03:23:30"
"43704","749","TSA5975366","73999","84057","22.7.2019 02:11:48"
"44191","761","TSA0555378","75384","85443","22.7.2019 03:23:25"
"44190","778","TSA9435401","75380","85439","22.7.2019 03:23:17"
"43701","784","TSA5805408","73995","84053","22.7.2019 02:11:46"
"43700","785","TSA6215409","73994","84052","22.7.2019 02:11:46"
"43173","807","TSA0505431","72945","82936","21.7.2019 02:07:08"
"43699","829","TSA5315454","73992","84050","22.7.2019 02:11:44"
"44186","832","TSA5125457","75372","85431","22.7.2019 03:23:05"
"43697","833","TSA9565458","73990","84048","22.7.2019 02:11:44"
"44184","849","TSA6115476","75369","85428","22.7.2019 03:23:04"
"43694","860","TSA4915487","73987","84045","22.7.2019 02:11:43"
"44182","894","TSA4035521","75362","85421","22.7.2019 03:22:52"
"44181","898","TSA7745525","75361","85420","22.7.2019 03:22:52"
"43691","901","TSA5195528","73983","84041","22.7.2019 02:11:42"
"43690","916","TSA5675543","73982","84040","22.7.2019 02:11:41"
"43689","931","TSA1835558","73981","84039","22.7.2019 02:11:41"
"43212","936","TSA6665563","73246","83238","21.7.2019 02:34:26"
"44177","940","TSA8985567","75356","85415","22.7.2019 03:22:48"
"44176","943","TSA5485570","75355","85414","22.7.2019 03:22:48"
"43684","988","TSA7205620","73975","84033","22.7.2019 02:11:39"
"43683","995","TSA5085627","73974","84032","22.7.2019 02:11:39"
"43682","996","TSA3765628","73973","84031","22.7.2019 02:11:39"
"43681","1003","TSA5785635","73972","84030","22.7.2019 02:11:39"
"44171","1014","TSA6425646","75341","85399","22.7.2019 03:00:01"
"44170","1031","TSA5665663","75338","85396","22.7.2019 02:59:58"
"43678","1040","TSA9265672","73967","84025","22.7.2019 02:11:37"
"44168","1043","TSA7305675","75335","85393","22.7.2019 02:59:57"
"44167","1048","TSA2585680","75334","85392","22.7.2019 02:59:57"
"44166","1064","TSA0165697","75330","85388","22.7.2019 02:59:51"
"43674","1069","TSA0665702","73963","84021","22.7.2019 02:11:36"
"44164","1082","TSA2335717","75328","85386","22.7.2019 02:59:50"
"44163","1106","TSA9365742","75326","85384","22.7.2019 02:59:49"
"43670","1114","TSA6165752","73958","84016","22.7.2019 02:11:35"
"43669","1116","TSA5795754","73957","84015","22.7.2019 02:11:35"
"43668","1119","TSA4755757","73956","84014","22.7.2019 02:11:35"
"43667","1120","TSA1885758","73955","84013","22.7.2019 02:11:35"
"43666","1133","TSA2745771","73953","84011","22.7.2019 02:11:34"
"44157","1135","TSA0185774","75317","85375","22.7.2019 02:59:42"
"44488","1137","TSA5505776","75934","86068","23.7.2019 02:05:25"
"44156","1139","TSA1645778","75315","85373","22.7.2019 02:59:41"
"44155","1142","TSA3835781","75314","85372","22.7.2019 02:59:41"
"43662","1143","TSA7445782","73949","84007","22.7.2019 02:11:33"
"43661","1164","TSA0135804","73947","84005","22.7.2019 02:11:32"
"43660","1165","TSA6705805","73946","84004","22.7.2019 02:11:32"
"44151","1166","TSA0475806","75306","85364","22.7.2019 02:59:35"
"44150","1167","TSA9055807","75305","85363","22.7.2019 02:59:35"
"43657","1172","TSA3845812","73943","84001","22.7.2019 02:11:32"
"43656","1178","TSA5435818","73942","84000","22.7.2019 02:11:31"
"44147","1179","TSA9585819","75301","85359","22.7.2019 02:59:33"
"43654","1180","TSA5205820","73940","83998","22.7.2019 02:11:31"
"44145","1184","TSA7905824","75299","85357","22.7.2019 02:59:33"
"44144","1185","TSA2645825","75298","85356","22.7.2019 02:59:33"
"43651","1209","TSA2305850","73937","83995","22.7.2019 02:11:30"
"43649","1253","TSA7275898","73934","83992","22.7.2019 02:11:29"
"43648","1268","TSA2665913","73932","83990","22.7.2019 02:11:28"
"43647","1271","TSA9805916","73931","83989","22.7.2019 02:11:28"
"43646","1274","TSA4265919","73930","83988","22.7.2019 02:11:28"
"44138","1293","TSA6555939","75281","85339","22.7.2019 02:59:11"
"43211","1307","TSA2815956","73236","83227","21.7.2019 02:34:14"
"44137","1316","TSA9015965","75278","85336","22.7.2019 02:59:07"
"43642","1325","TSA6485974","73926","83984","22.7.2019 02:11:26"
"44135","1352","TSA4076002","75273","85331","22.7.2019 02:58:59"
"43640","1355","TSA7806005","73924","83982","22.7.2019 02:11:25"
"43639","1356","TSA0066006","73923","83981","22.7.2019 02:11:25"
"43638","1361","TSA5636011","73922","83980","22.7.2019 02:11:24"
"43637","1365","TSA7306015","73921","83979","22.7.2019 02:11:24"
"44130","1369","TSA1386019","75267","85325","22.7.2019 02:58:58"
"44129","1383","TSA5486033","75266","85324","22.7.2019 02:58:56"
"44128","1387","TSA2516037","75265","85323","22.7.2019 02:58:56"
"43633","1388","TSA9196038","73917","83975","22.7.2019 02:11:23"
"44126","1419","TSA4596069","75259","85317","22.7.2019 02:58:48"
"43631","1436","TSA3836086","73915","83973","22.7.2019 02:11:22"
"43630","1442","TSA4356092","73914","83972","22.7.2019 02:11:22"
"43629","1443","TSA9386093","73913","83971","22.7.2019 02:11:22"
"44122","1450","TSA1566100","75254","85312","22.7.2019 02:58:45"
"43625","1484","TSA6436134","73908","83966","22.7.2019 02:11:20"
"43624","1535","TSA2126185","73907","83965","22.7.2019 02:11:18"
"44119","1557","TSA7996207","75239","85297","22.7.2019 02:58:20"
"43622","1570","TSA7706220","73905","83963","22.7.2019 02:11:17"
"44117","1577","TSA0216227","75236","85294","22.7.2019 02:58:18"
"44116","1579","TSA2136229","75235","85293","22.7.2019 02:58:18"
"44115","1602","TSA0546252","75232","85290","22.7.2019 02:58:10"
"44114","1604","TSA9646254","75231","85289","22.7.2019 02:58:09"
"44113","1608","TSA2086258","75230","85288","22.7.2019 02:58:09"
"44112","1611","TSA1006261","75229","85287","22.7.2019 02:58:09"
"44111","1614","TSA1256265","75227","85285","22.7.2019 02:58:08"
"43614","1617","TSA6146268","73897","83955","22.7.2019 02:11:14"
"44109","1637","TSA6966288","75224","85282","22.7.2019 02:58:03"
"43612","1645","TSA0626296","73895","83953","22.7.2019 02:11:13"
"44107","1651","TSA0926302","75221","85279","22.7.2019 02:58:02"
"43610","1665","TSA1306316","73893","83951","22.7.2019 02:11:12"
"44105","1674","TSA6936325","75212","85270","22.7.2019 02:57:52"
"44104","1676","TSA7426327","75210","85268","22.7.2019 02:57:50"
"43607","1686","TSA8546337","73890","83948","22.7.2019 02:11:10"
"44102","1695","TSA5636346","75204","85262","22.7.2019 02:57:44"
"44101","1703","TSA0486354","75202","85260","22.7.2019 02:57:42"
"44543","1704","TSA3576355","76198","86333","23.7.2019 02:32:02"
"44100","1708","TSA8936359","75199","85257","22.7.2019 02:57:39"
"44099","1722","TSA6866373","75196","85254","22.7.2019 02:57:35"
"43602","1738","TSA9616389","73885","83943","22.7.2019 02:11:08"
"44097","1765","TSA6486416","75190","85248","22.7.2019 02:57:30"
"43599","1767","TSA4016418","73882","83940","22.7.2019 02:11:07"
"44095","1770","TSA9626421","75188","85246","22.7.2019 02:57:30"
"43597","1775","TSA7466426","73880","83938","22.7.2019 02:11:06"
"44093","1779","TSA5856430","75186","85244","22.7.2019 02:57:29"
"44092","1783","TSA5576434","75185","85243","22.7.2019 02:57:28"
"44091","1815","TSA8146466","75180","85238","22.7.2019 02:57:20"
"44090","1837","TSA1996488","75178","85236","22.7.2019 02:57:16"
"44089","1848","TSA6786499","75174","85232","22.7.2019 02:57:12"
"44088","1850","TSA4576501","75173","85231","22.7.2019 02:57:10"
"44087","1880","TSA8366531","75170","85228","22.7.2019 02:57:07"
"44086","1884","TSA3156536","75169","85227","22.7.2019 02:57:05"
"43588","1889","TSA4026541","73871","83929","22.7.2019 02:11:01"
"44084","1921","TSA6616573","75165","85223","22.7.2019 02:57:02"
"43585","1922","TSA5426574","73868","83926","22.7.2019 02:11:01"
"43584","1928","TSA3346580","73867","83925","22.7.2019 02:11:00"
"44081","1951","TSA4846603","75160","85218","22.7.2019 02:56:58"
"43581","1997","TSA1766649","73864","83922","22.7.2019 02:10:59"
"43580","2003","TSA6476655","73863","83921","22.7.2019 02:10:59"
"43579","2010","TSA8176662","73862","83920","22.7.2019 02:10:58"
"44077","2045","TSA6696697","75149","85207","22.7.2019 02:56:44"
"44076","2077","TSA7196729","75143","85201","22.7.2019 02:56:33"
"44075","2086","TSA7996738","75142","85200","22.7.2019 02:56:33"
"44074","2122","TSA9206774","75140","85198","22.7.2019 02:56:31"
"44073","2164","TSA9246816","75135","85193","22.7.2019 02:56:20"
"44072","2171","TSA2886823","75133","85191","22.7.2019 02:56:19"
"44071","2172","TSA8086824","75132","85190","22.7.2019 02:56:18"
"43571","2175","TSA7666827","73854","83912","22.7.2019 02:10:52"
"44542","2193","TSA9096845","76194","86329","23.7.2019 02:31:57"
"43570","2212","TSA2566864","73853","83911","22.7.2019 02:10:50"
"43569","2257","TSA9176909","73852","83910","22.7.2019 02:10:49"
"44067","2264","TSA3586916","75121","85179","22.7.2019 02:55:55"
"43567","2280","TSA3846932","73850","83908","22.7.2019 02:10:48"
"43566","2321","TSA8246973","73849","83907","22.7.2019 02:10:47"
"44064","2397","TSA3857049","75106","85164","22.7.2019 02:55:33"
"43564","2412","TSA2037064","73847","83905","22.7.2019 02:10:44"
"44485","2420","TSA4017072","75930","86064","23.7.2019 02:05:20"
"44062","2428","TSA4677080","75104","85162","22.7.2019 02:55:31"
"43562","2430","TSA5607082","73845","83903","22.7.2019 02:10:43"
"44060","2477","TSA4042477","75097","85155","22.7.2019 02:55:18"
"43559","2491","TSA9862491","73842","83900","22.7.2019 02:10:41"
"44058","2500","TSA4872500","75090","85148","22.7.2019 02:55:08"
"43557","2502","TSA6932502","73840","83898","22.7.2019 02:10:39"
"44056","2503","TSA6072503","75087","85145","22.7.2019 02:55:07"
"44055","2507","TSA0762507","75085","85143","22.7.2019 02:55:05"
"43554","2519","TSA8152519","73836","83894","22.7.2019 02:10:38"
"44053","2525","TSA7142525","75081","85139","22.7.2019 02:54:59"
"44052","2534","TSA9902534","75080","85138","22.7.2019 02:54:57"
"44051","2539","TSA8542539","75079","85137","22.7.2019 02:54:57"
"44050","2551","TSA3602635","75075","85133","22.7.2019 02:54:53"
"43549","2552","TSA9792552","73831","83889","22.7.2019 02:10:36"
"44048","2556","TSA4652556","75071","85129","22.7.2019 02:54:50"
"43547","2559","TSA0152559","73829","83887","22.7.2019 02:10:36"
"44046","2647","TSA4432647","75069","85127","22.7.2019 02:54:50"
"43545","2650","TSA9842650","73827","83885","22.7.2019 02:10:35"
"44044","2686","TSA5192686","75061","85119","22.7.2019 02:54:38"
"43167","2788","TSA5440995","72937","82928","21.7.2019 02:07:00"
"44043","2799","TSA7402799","75033","85091","22.7.2019 02:53:50"
"43540","2801","TSA1072801","73822","83880","22.7.2019 02:10:24"
"44041","2805","TSA4432805","75031","85089","22.7.2019 02:53:50"
"44040","2806","TSA2002806","75030","85088","22.7.2019 02:53:50"
"44039","2816","TSA1032816","75028","85086","22.7.2019 02:53:49"
"44038","2821","TSA4642821","75026","85084","22.7.2019 02:53:45"
"43535","2824","TSA1502824","73817","83875","22.7.2019 02:10:23"
"44036","2829","TSA8442829","75022","85080","22.7.2019 02:53:42"
"44035","2849","TSA7662849","75019","85077","22.7.2019 02:53:39"
"43532","2850","TSA3022850","73814","83872","22.7.2019 02:10:22"
"43530","2877","TSA2082877","73812","83870","22.7.2019 02:10:21"
"44032","2885","TSA2072885","75012","85070","22.7.2019 02:53:28"
"43166","2890","TSA8992890","72936","82927","21.7.2019 02:06:58"
"43528","2891","TSA8932891","73810","83868","22.7.2019 02:10:20"
"44030","2905","TSA2892905","75009","85067","22.7.2019 02:53:26"
"43526","2948","TSA4142948","73808","83866","22.7.2019 02:10:17"
"44028","2958","TSA1752958","75000","85058","22.7.2019 02:53:11"
"43523","2962","TSA8612962","73805","83863","22.7.2019 02:10:17"
"44026","2964","TSA4592964","74998","85056","22.7.2019 02:53:11"
"43521","2969","TSA9402969","73803","83861","22.7.2019 02:10:16"
"44024","2987","TSA3442987","74994","85052","22.7.2019 02:53:08"
"43518","3027","TSA7083027","73800","83858","22.7.2019 02:10:13"
"43208","3035","TSA0363035","73213","83204","21.7.2019 02:33:38"
"44022","3054","TSA1270135","74981","85039","22.7.2019 02:52:48"
"44021","3062","TSA6013062","74979","85037","22.7.2019 02:52:47"
"43207","3064","TSA9713064","73212","83203","21.7.2019 02:33:38"
"43514","3088","TSA2473088","73795","83853","22.7.2019 02:10:10"
"43513","3089","TSA0003089","73794","83852","22.7.2019 02:10:10"
"43512","3095","TSA5243095","73793","83851","22.7.2019 02:10:10"
"44017","3096","TSA1193096","74969","85027","22.7.2019 02:52:34"
"44016","3105","TSA5773105","74965","85023","22.7.2019 02:52:29"
"43509","3116","TSA7423116","73790","83848","22.7.2019 02:10:09"
"43508","3145","TSA0953145","73789","83847","22.7.2019 02:10:07"
"44013","3150","TSA7283150","74956","85014","22.7.2019 02:52:19"
"44012","3174","TSA2713174","74952","85010","22.7.2019 02:52:13"
"44011","3188","TSA8053188","74948","85006","22.7.2019 02:52:05"
"43503","3205","TSA6213205","73783","83841","22.7.2019 02:10:02"
"44009","3206","TSA3013206","74944","85002","22.7.2019 02:52:00"
"44008","3223","TSA0943223","74940","84998","22.7.2019 02:51:51"
"44007","3224","TSA5133224","74939","84997","22.7.2019 02:51:51"
"44006","3228","TSA2483228","74938","84996","22.7.2019 02:51:51"
"43498","3231","TSA2683231","73777","83835","22.7.2019 02:10:00"
"43497","3239","TSA2533239","73776","83834","22.7.2019 02:10:00"
"44003","3241","TSA3433241","74934","84992","22.7.2019 02:51:47"
"44002","3243","TSA9048071","74933","84991","22.7.2019 02:51:46"
"43494","3255","TSA4333255","73772","83830","22.7.2019 02:09:59"
"44000","3257","TSA9032518","74930","84988","22.7.2019 02:51:45"
"43999","3277","TSA2513277","74926","84984","22.7.2019 02:51:40"
"43998","3283","TSA5483283","74925","84983","22.7.2019 02:51:39"
"43488","3339","TSA4933339","73765","83823","22.7.2019 02:09:54"
"43486","3371","A1431371","73762","83820","22.7.2019 02:09:52"
"44540","3372","A1574381","76186","86321","23.7.2019 02:31:33"
"43995","3586","A1868490","74905","84963","22.7.2019 02:51:06"
"43162","3655","A1342718","72931","82922","21.7.2019 02:06:53"
"43025","3728","A1140981","72364","82261","20.7.2019 02:02:28"
"43161","4383","A1619843","72930","82921","21.7.2019 02:06:43"
"44539","4884","A1927312","76169","86304","23.7.2019 02:30:44"
"44538","4885","A1798421","76168","86303","23.7.2019 02:30:44"
"44480","4886","A1017087","75924","86058","23.7.2019 02:05:04"
"44536","4889","A1086019","76165","86300","23.7.2019 02:30:40"
"44478","4890","A1759786","75922","86056","23.7.2019 02:05:04"
"44477","4891","A1519231","75921","86055","23.7.2019 02:05:04"
"44476","4892","A1344108","75920","86054","23.7.2019 02:05:04"
"44532","4894","A1642773","76161","86296","23.7.2019 02:30:40"
"44474","4895","A1220558","75918","86052","23.7.2019 02:05:04"
"44473","4896","A1237112","75917","86051","23.7.2019 02:05:04"
"43160","5072","A1732311","72929","82920","21.7.2019 02:06:36"
"43994","5074","A1802907","74893","84951","22.7.2019 02:50:37"
"43993","5077","A1800207","74891","84949","22.7.2019 02:50:35"
"44472","5078","A1028356","75916","86050","23.7.2019 02:05:03"
"44528","5115","A1671775","76156","86291","23.7.2019 02:30:35"
"43159","5192","A1314489","72928","82919","21.7.2019 02:06:36"
"43992","5195","A1434255","74889","84947","22.7.2019 02:50:30"
"44527","5199","A1984308","76154","86289","23.7.2019 02:30:33"
"44469","5200","A1626195","75913","86047","23.7.2019 02:05:02"
"44525","5230","A1936210","76152","86287","23.7.2019 02:30:33"
"44467","5298","A1236242","75911","86045","23.7.2019 02:05:01"
"43158","5380","A1453639","72927","82918","21.7.2019 02:06:34"
"44523","5725","A1934076","76146","86281","23.7.2019 02:30:10"
"43157","6981","A1224068","72926","82917","21.7.2019 02:06:25"
"43991","6982","A1178077","74877","84935","22.7.2019 02:49:41"
"43990","6983","A1252758","74876","84934","22.7.2019 02:49:41"
"43989","6984","A1262217","74875","84933","22.7.2019 02:49:41"
"43478","6985","A1694142","73751","83809","22.7.2019 02:09:31"
"43987","6987","A1753257","74873","84931","22.7.2019 02:49:40"
"43024","7109","A1008965","72358","82255","20.7.2019 02:02:16"
"43046","7132","A1489614","72550","82450","20.7.2019 02:21:40"
"43022","7134","A1129483","72356","82253","20.7.2019 02:02:16"
"43044","7229","A1225652","72546","82446","20.7.2019 02:21:33"
"43156","7327","A1116155","72925","82916","21.7.2019 02:06:23"
"43019","7362","A1274864","72353","82250","20.7.2019 02:02:14"
"44465","7854","A1334400","75909","86043","23.7.2019 02:04:49"
"43155","8796","A1991107","72924","82915","21.7.2019 02:06:03"
"43154","9152","A1873891","72923","82914","21.7.2019 02:06:01"
"43153","9153","A1792004","72922","82913","21.7.2019 02:06:00"
"43018","9314","A1210002","72347","82244","20.7.2019 02:02:05"
"43196","9373","A1032575","73123","83114","21.7.2019 02:29:38"
"43017","9548","A1360333","72346","82243","20.7.2019 02:02:05"
"43040","9595","A1657644","72512","82412","20.7.2019 02:20:26"
"43195","9660","A1488932","73116","83107","21.7.2019 02:29:23"
"43986","9793","A1367869","74829","84887","22.7.2019 02:47:37"
"43474","9871","A1725430","73734","83792","22.7.2019 02:09:02"
"43473","9872","A1972736","73733","83791","22.7.2019 02:09:02"
"44464","9879","A1739475","75907","86041","23.7.2019 02:04:34"
"44520","9880","A1220729","76093","86228","23.7.2019 02:28:04"
"44519","9882","A1334941","76092","86227","23.7.2019 02:28:02"
"44461","9928","A1990484","75904","86038","23.7.2019 02:04:34"
"43472","10321","A1146946","73730","83788","22.7.2019 02:08:59"
"44460","10796","A1261634","75903","86037","23.7.2019 02:04:26"
"43982","11306","A1731917","74812","84870","22.7.2019 02:46:43"
"43039","11356","A1664256","72482","82382","20.7.2019 02:19:10"
"43150","11373","A1110554","72915","82906","21.7.2019 02:05:35"
"43469","11378","A1407191","73720","83778","22.7.2019 02:08:41"
"44458","11426","A1607395","75901","86035","23.7.2019 02:04:22"
"44457","11429","A1818654","75900","86034","23.7.2019 02:04:22"
"43466","11733","A1620631","73712","83770","22.7.2019 02:08:30"
"44456","12125","A1142231","75898","86032","23.7.2019 02:04:17"
"43011","12153","A1082902","72329","82226","20.7.2019 02:01:42"
"43149","12163","A1688576","72912","82903","21.7.2019 02:05:25"
"43148","12167","A1330613","72911","82902","21.7.2019 02:05:24"
"43191","12188","A1013360","73081","83072","21.7.2019 02:27:01"
"43146","12703","A1325999","72905","82896","21.7.2019 02:05:13"
"43037","12943","A1114173","72466","82366","20.7.2019 02:18:15"
"43979","13116","A1917704","74785","84843","22.7.2019 02:44:38"
"44513","13926","A1645592","76051","86186","23.7.2019 02:24:33"
"44512","13990","A1470341","76050","86185","23.7.2019 02:24:32"
"43978","14032","TSA7914032","74768","84826","22.7.2019 02:43:54"
"43458","14053","TSA7814053","73703","83761","22.7.2019 02:08:13"
"43189","14054","TSA0314054","73058","83049","21.7.2019 02:25:57"
"43457","14059","TSA9914059","73702","83760","22.7.2019 02:08:13"
"43975","14061","TSA8914061","74763","84821","22.7.2019 02:43:46"
"43974","14066","TSA0014066","74761","84819","22.7.2019 02:43:44"
"43973","14087","TSA5714087","74760","84818","22.7.2019 02:43:44"
"43972","14113","TSA5914113","74755","84813","22.7.2019 02:43:38"
"43971","14174","TSA9414174","74741","84799","22.7.2019 02:43:14"
"43970","14191","TSA1414191","74738","84796","22.7.2019 02:43:06"
"43969","14192","TSA9914192","74737","84795","22.7.2019 02:43:06"
"43446","14201","TSA0414201","73691","83749","22.7.2019 02:08:05"
"43445","14227","TSA6314227","73690","83748","22.7.2019 02:08:03"
"43966","14239","TSA0314239","74729","84787","22.7.2019 02:42:54"
"43965","14244","TSA0814244","74728","84786","22.7.2019 02:42:54"
"43442","14278","TSA9014278","73687","83745","22.7.2019 02:08:00"
"43963","14318","TSA2614318","74713","84771","22.7.2019 02:42:22"
"43962","14339","TSA0377330","74708","84766","22.7.2019 02:42:15"
"43439","14360","TSA1514360","73684","83742","22.7.2019 02:07:55"
"43960","14387","TSA6014387","74700","84758","22.7.2019 02:42:01"
"43435","14428","TSA1014428","73680","83738","22.7.2019 02:07:50"
"43958","14559","TSA7014559","74676","84734","22.7.2019 02:41:09"
"43188","14566","TSA9814566","73048","83039","21.7.2019 02:25:40"
"43432","14567","TSA2314567","73676","83734","22.7.2019 02:07:44"
"43956","14577","TSA2414577","74674","84732","22.7.2019 02:41:09"
"43955","14586","TSA6214586","74673","84731","22.7.2019 02:41:09"
"43429","14632","TSA3114632","73673","83731","22.7.2019 02:07:42"
"43428","14636","TSA2014636","73672","83730","22.7.2019 02:07:42"
"43952","14637","TSA1814637","74666","84724","22.7.2019 02:40:58"
"43426","14645","TSA9714645","73670","83728","22.7.2019 02:07:42"
"43950","14664","TSA2714664","74663","84721","22.7.2019 02:40:49"
"43949","14680","TSA9714680","74659","84717","22.7.2019 02:40:44"
"43948","14684","TSA2614684","74658","84716","22.7.2019 02:40:44"
"43947","14717","TSA6014717","74652","84710","22.7.2019 02:40:31"
"43946","14727","TSA5514727","74651","84709","22.7.2019 02:40:31"
"43945","14745","TSA9814745","74647","84705","22.7.2019 02:40:26"
"43419","14883","TSA1214883","73663","83721","22.7.2019 02:07:29"
"43943","14888","TSA5114888","74626","84684","22.7.2019 02:39:49"
"43942","14890","TSA1314890","74624","84682","22.7.2019 02:39:47"
"43416","14895","TSA5814895","73660","83718","22.7.2019 02:07:28"
"43940","14911","TSA0214911","74617","84675","22.7.2019 02:39:38"
"43414","14939","TSA5114939","73658","83716","22.7.2019 02:07:25"
"43938","14955","TSA3114955","74605","84663","22.7.2019 02:39:17"
"43412","14974","TSA5714974","73656","83714","22.7.2019 02:07:23"
"43936","15020","TSA1015020","74597","84655","22.7.2019 02:39:04"
"43935","15061","TSA2415061","74590","84648","22.7.2019 02:38:44"
"43140","15132","TSA3315132","72893","82884","21.7.2019 02:04:59"
"43406","15210","TSA2615210","73650","83708","22.7.2019 02:07:11"
"43933","15211","TSA3415211","74569","84627","22.7.2019 02:38:01"
"43932","15254","TSA2515254","74562","84620","22.7.2019 02:37:53"
"43931","15263","TSA8615263","74561","84619","22.7.2019 02:37:52"
"43930","15290","TSA6815290","74555","84613","22.7.2019 02:37:41"
"43929","15303","TSA7415303","74553","84611","22.7.2019 02:37:36"
"43399","15308","TSA0215308","73643","83701","22.7.2019 02:07:06"
"43398","15312","TSA8015312","73642","83700","22.7.2019 02:07:06"
"43926","15317","TSA1615317","74549","84607","22.7.2019 02:37:34"
"43925","15353","TSA1215353","74545","84603","22.7.2019 02:37:24"
"43924","15422","TSA2115422","74538","84596","22.7.2019 02:37:10"
"43923","15441","TSA6015441","74535","84593","22.7.2019 02:37:03"
"43393","15466","TSA9615466","73635","83693","22.7.2019 02:06:58"
"43392","15527","TSA7915527","73633","83691","22.7.2019 02:06:56"
"43920","15531","TSA1515531","74524","84582","22.7.2019 02:36:42"
"43919","15564","TSA9515564","74519","84577","22.7.2019 02:36:35"
"43388","15570","TSA6115570","73628","83686","22.7.2019 02:06:54"
"43917","15584","TSA5115584","74515","84573","22.7.2019 02:36:32"
"43386","15630","TSA5515630","73626","83684","22.7.2019 02:06:52"
"43385","15644","TSA5615644","73625","83683","22.7.2019 02:06:51"
"43384","15690","TSA1215690","73624","83682","22.7.2019 02:06:48"
"43913","15721","TSA9415721","74494","84552","22.7.2019 02:35:59"
"43912","15727","TSA9815727","74491","84549","22.7.2019 02:35:57"
"43381","15743","TSA6415743","73620","83678","22.7.2019 02:06:46"
"43910","15763","TSA5615763","74486","84544","22.7.2019 02:35:43"
"43379","15767","TSA3815767","73618","83676","22.7.2019 02:06:45"
"43908","15777","TSA5715777","74482","84540","22.7.2019 02:35:40"
"43377","15783","TSA9915783","73616","83674","22.7.2019 02:06:44"
"43906","15791","TSA9515791","74478","84536","22.7.2019 02:35:37"
"43186","15808","TSA1715808","73029","83020","21.7.2019 02:25:10"
"43185","15813","TSA9615813","73028","83019","21.7.2019 02:25:10"
"43374","15815","TSA5415815","73612","83670","22.7.2019 02:06:42"
"43373","15844","TSA5815844","73611","83669","22.7.2019 02:06:40"
"43903","15849","TSA8515849","74466","84524","22.7.2019 02:35:11"
"43370","15909","TSA8415909","73608","83666","22.7.2019 02:06:37"
"43369","15916","TSA1515916","73607","83665","22.7.2019 02:06:36"
"43368","15928","TSA2815928","73606","83664","22.7.2019 02:06:35"
"43367","15938","TSA8415938","73604","83662","22.7.2019 02:06:34"
"43898","15967","TSA2415967","74445","84503","22.7.2019 02:34:39"
"43365","16030","TSA0616030","73601","83659","22.7.2019 02:06:29"
"43896","16052","TSA6816052","74434","84492","22.7.2019 02:34:15"
"43362","16102","TSA2516102","73597","83655","22.7.2019 02:06:27"
"43894","16112","TSA6316112","74424","84482","22.7.2019 02:33:58"
"43358","16153","TSA0916153","73591","83649","22.7.2019 02:06:24"
"43137","16202","TSA1716202","72888","82879","21.7.2019 02:04:53"
"43892","16210","TSA4016210","74403","84461","22.7.2019 02:33:26"
"43355","16260","TSA2416260","73584","83642","22.7.2019 02:06:16"
"43890","16281","TSA4716281","74387","84445","22.7.2019 02:33:00"
"43889","16297","TSA2716297","74383","84441","22.7.2019 02:32:53"
"43888","16298","TSA8716298","74382","84440","22.7.2019 02:32:53"
"43887","16318","TSA7516318","74379","84437","22.7.2019 02:32:46"
"43350","16319","TSA1016319","73577","83635","22.7.2019 02:06:11"
"43885","16334","TSA4516334","74375","84433","22.7.2019 02:32:43"
"43183","16342","TSA1516342","73018","83009","21.7.2019 02:24:52"
"43884","16346","TSA0516346","74373","84431","22.7.2019 02:32:42"
"43883","16416","TSA3016416","74362","84420","22.7.2019 02:32:22"
"43882","16429","TSA3016429","74360","84418","22.7.2019 02:32:18"
"43881","16433","TSA1716433","74359","84417","22.7.2019 02:32:17"
"43880","16456","TSA9916456","74353","84411","22.7.2019 02:32:07"
"43879","16483","TSA7916483","74351","84409","22.7.2019 02:32:02"
"43340","16497","TSA2016497","73566","83624","22.7.2019 02:06:01"
"43877","16507","TSA1716507","74345","84403","22.7.2019 02:31:56"
"43338","16510","TSA6316510","73564","83622","22.7.2019 02:06:01"
"43337","16511","TSA4016511","73563","83621","22.7.2019 02:06:01"
"43874","16522","TSA2116522","74341","84399","22.7.2019 02:31:53"
"43335","16544","TSA0916544","73561","83619","22.7.2019 02:06:00"
"43872","16551","TSA4516551","74338","84396","22.7.2019 02:31:48"
"43871","16571","TSA7216571","74334","84392","22.7.2019 02:31:41"
"43870","16593","TSA9816593","74330","84388","22.7.2019 02:31:31"
"43869","16629","TSA9416629","74329","84387","22.7.2019 02:31:23"
"43868","16646","TSA2716646","74326","84384","22.7.2019 02:31:22"
"43867","16671","TSA4316671","74321","84379","22.7.2019 02:31:13"
"43866","16690","TSA9416690","74319","84377","22.7.2019 02:31:10"
"43865","16699","TSA7716699","74314","84372","22.7.2019 02:31:05"
"43864","16755","TSA4416755","74307","84365","22.7.2019 02:30:54"
"43863","16758","TSA9516758","74306","84364","22.7.2019 02:30:54"
"43862","16810","TSA8816810","74296","84354","22.7.2019 02:30:37"
"43323","16834","TSA0416834","73545","83603","22.7.2019 02:05:45"
"43322","16886","TSA3316886","73542","83600","22.7.2019 02:05:43"
"43859","16925","TSA6116925","74280","84338","22.7.2019 02:30:10"
"43320","16954","TSA2116954","73539","83597","22.7.2019 02:05:39"
"43319","16994","TSA1516994","73537","83595","22.7.2019 02:05:38"
"43009","17156","TSA2917156","72321","82218","20.7.2019 02:01:22"
"43856","17185","TSA9017185","74243","84301","22.7.2019 02:27:19"
"43135","17207","TSA9017207","72868","82859","21.7.2019 02:04:02"
"43855","17249","TSA2817249","74236","84294","22.7.2019 02:27:00"
"43181","17255","TSA8217255","72992","82983","21.7.2019 02:21:52"
"43315","17268","TSA2817268","73517","83575","22.7.2019 02:04:42"
"43314","17317","TSA4217317","73516","83574","22.7.2019 02:04:40"
"43313","17356","TSA2117356","73514","83572","22.7.2019 02:04:38"
"43312","17362","TSA1017362","73513","83571","22.7.2019 02:04:38"
"43132","17374","TSA0717374","72858","82849","21.7.2019 02:03:46"
"43131","17384","TSA3817384","72857","82848","21.7.2019 02:03:45"
"44511","17391","TSA9617391","76036","86171","23.7.2019 02:22:15"
"43311","17407","TSA2017407","73510","83568","22.7.2019 02:04:33"
"43849","17414","TSA2317414","74203","84261","22.7.2019 02:25:55"
"43309","17420","TSA8517420","73508","83566","22.7.2019 02:04:32"
"43847","17423","TSA4117423","74200","84258","22.7.2019 02:25:52"
"43307","17424","TSA8361293","73506","83564","22.7.2019 02:04:31"
"43845","17488","TSA8017488","74179","84237","22.7.2019 02:24:45"
"43844","17500","TSA6517500","74174","84232","22.7.2019 02:24:29"
"43843","17503","TSA9517503","74173","84231","22.7.2019 02:24:29"
"43303","17523","TSA1617523","73496","83554","22.7.2019 02:04:15"
"43302","17534","TSA8017534","73495","83553","22.7.2019 02:04:14"
"43301","17542","TSA2617542","73494","83552","22.7.2019 02:04:12"
"43300","17613","TSA6617613","73491","83549","22.7.2019 02:04:05"
"43299","17624","TSA4117624","73490","83548","22.7.2019 02:04:05"
"43758","17625","TSA8117625","74059","84117","22.7.2019 02:12:02"
"43747","17631","TSA1117631","74047","84105","22.7.2019 02:12:00"
"43741","17647","TSA2517647","74040","84098","22.7.2019 02:11:59"
"43727","17657","TSA4117657","74025","84083","22.7.2019 02:11:55"
"44510","17737","TSA8717737","76017","86151","23.7.2019 02:20:20"
"44509","17769","TSA1217769","76010","86144","23.7.2019 02:20:03"
"44508","17781","TSA5117781","76007","86141","23.7.2019 02:20:00"
"44507","17830","TSA3217830","75995","86129","23.7.2019 02:19:41"
"43628","20154","TSA8620154","73912","83970","22.7.2019 02:11:21"
"44506","20454","TSA8220454","75984","86118","23.7.2019 02:19:18"
"43293","21275","TSA7121275","73482","83540","22.7.2019 02:03:55"
"43178","21960","TSA5921960","72968","82959","21.7.2019 02:19:22"
"44505","22030","TSA2422030","75982","86116","23.7.2019 02:19:09"
"44504","22044","TSA7522044","75981","86115","23.7.2019 02:19:09"
"43007","22099","TSA8222099","72315","82212","20.7.2019 02:01:15"
"43006","22339","TSA8422339","72313","82210","20.7.2019 02:01:12"
"43004","22486","TSA5722486","72306","82203","20.7.2019 02:01:01"
"43003","22489","TSA2322489","72305","82202","20.7.2019 02:01:00"
"43031","22557","TSA5322557","72399","82298","20.7.2019 02:14:07"
"43129","22577","TSA9222577","72851","82842","21.7.2019 02:02:34"
"43176","22589","TSA3922589","72953","82944","21.7.2019 02:17:24"
"43127","22607","TSA5322607","72849","82840","21.7.2019 02:02:33"
"44430","22617","TSA6622617","75834","85968","23.7.2019 02:02:25"
"43290","22651","TSA5022651","73476","83534","22.7.2019 02:03:11"
"44429","22681","TSA2422681","75833","85967","23.7.2019 02:02:22"
"43289","22687","TSA3822687","73475","83533","22.7.2019 02:03:07"
"43288","22741","TSA9022741","73474","83532","22.7.2019 02:03:03"
"44501","22777","TSA7022777","75967","86101","23.7.2019 02:17:09"
"44500","22800","TSA9922800","75961","86095","23.7.2019 02:17:01"
"44426","22806","TSA6022806","75830","85964","23.7.2019 02:02:15"
"44498","22846","TSA1422846","75950","86084","23.7.2019 02:16:38"
"44423","22861","TSA5622861","75827","85961","23.7.2019 02:02:12"
"44422","22865","TSA6322865","75826","85960","23.7.2019 02:02:12"
"43464","23837","TSA6923837","73709","83767","22.7.2019 02:08:23"
"43126","23903","TSA1123903","72848","82839","21.7.2019 02:02:31"
"43030","27449","TSA9327449","72387","82286","20.7.2019 02:13:18"
"43029","27451","TSA3727451","72386","82285","20.7.2019 02:13:17"
"43028","27460","TSA4227460","72381","82280","20.7.2019 02:13:03"
"43027","27461","TSA2627461","72380","82279","20.7.2019 02:13:03"
"43026","27463","TSA3327463","72378","82277","20.7.2019 02:13:00"
"43124","27573","TSA4827573","72836","82827","21.7.2019 02:01:49"
"43123","27576","TSA3727576","72835","82826","21.7.2019 02:01:48"
"43122","27643","TSA8927643","72830","82821","21.7.2019 02:01:36"
"43286","27674","TSA4927674","73471","83529","22.7.2019 02:02:14"
"43285","27677","TSA9627677","73470","83528","22.7.2019 02:02:14"
"43284","27698","TSA7327698","73468","83526","22.7.2019 02:02:10"
"43318","27762","TSA1827762","73523","83581","22.7.2019 02:04:59"
"44420","27809","TSA0527809","75824","85958","23.7.2019 02:01:41"
"44453","27833","TSA1127833","75887","86021","23.7.2019 02:03:53"
"44418","27835","TSA6227835","75822","85956","23.7.2019 02:01:38"
"44417","27847","TSA3427847","75821","85955","23.7.2019 02:01:36"
"44416","27861","TSA4927861","75820","85954","23.7.2019 02:01:34"
"44447","27862","TSA5427862","75869","86003","23.7.2019 02:03:23"
"44414","27865","TSA4327865","75818","85952","23.7.2019 02:01:33"
"44412","27882","TSA3027882","75816","85950","23.7.2019 02:01:31"
"44411","27885","TSA7027885","75815","85949","23.7.2019 02:01:31"
"44442","27889","TSA7427889","75854","85988","23.7.2019 02:02:59"
"44437","27899","TSA6127899","75844","85978","23.7.2019 02:02:51"
"42994","28632","TSA9928632","72284","82181","20.7.2019 02:00:33"
"44431","30203","TSA9830203","75838","85972","23.7.2019 02:02:43"
"42993","30480","TSA5330480","72282","82179","20.7.2019 02:00:32"
"43282","31106","TSA8431106","73456","83514","22.7.2019 02:01:48"
"43008","31280","TSA7931280","72320","82217","20.7.2019 02:01:22"
"42991","31300","TSA9931300","72274","82171","20.7.2019 02:00:19"
"43002","31307","TSA4231307","72304","82201","20.7.2019 02:01:00"
"42989","31324","TSA9431324","72271","82168","20.7.2019 02:00:15"
"43115","31421","TSA5931421","72799","82790","21.7.2019 02:00:29"
"43114","31467","TSA1431467","72794","82785","21.7.2019 02:00:21"
"43113","31482","TSA5231482","72792","82783","21.7.2019 02:00:18"
"43118","31485","TSA1231485","72821","82812","21.7.2019 02:01:20"
"43111","31498","TSA5231498","72790","82781","21.7.2019 02:00:16"
"43110","31523","TSA9031523","72787","82778","21.7.2019 02:00:10"
"43277","31637","TSA2131637","73426","83484","22.7.2019 02:00:17"
"43276","31638","TSA5931638","73425","83483","22.7.2019 02:00:17"
"43279","31644","TSA6931644","73440","83498","22.7.2019 02:01:15"
"43274","31673","TSA8631673","73420","83478","22.7.2019 02:00:11"
"43272","31728","TSA0431728","73414","83472","22.7.2019 02:00:02"
"44406","31776","TSA7831776","75781","85915","23.7.2019 02:00:07"
